{"global_step": 3072, "_timestamp": 1686971224.5299187, "rollout/collision_reward": 0.0, "rollout/condition_number_reward": 0.0, "rollout/distance_reward": 0.0, "rollout/ep_len_mean": 378.239990234375, "rollout/ep_rew_mean": -0.0003058055299334228, "rollout/movement_reward": -0.00046980445040389895, "rollout/orientation_reward": 0.0006298669031821191, "rollout/slack_reward": -0.0010000000474974513, "rollout/terminate_reward": 0.0, "rollout/velocity_reward": -0.10000000149011612, "time/fps": 16.0, "_runtime": 595.5661196708679, "_step": 2, "train/approx_kl": 0.0328996405005455, "train/clip_fraction": 0.3150390684604645, "train/clip_range": 0.20000000298023224, "train/entropy_loss": 15.485940933227539, "train/explained_variance": 0.8677128553390503, "train/learning_rate": 9.997951565310359e-06, "train/loss": -0.05320821329951286, "train/policy_gradient_loss": -0.04652489349246025, "train/std": 0.018316294997930527, "train/value_loss": 0.014177064411342144}