{"global_step": 2048, "_timestamp": 1686971175.4693353, "rollout/collision_reward": 0.0, "rollout/condition_number_reward": 0.0, "rollout/distance_reward": 0.0, "rollout/ep_len_mean": 250.24000549316406, "rollout/ep_rew_mean": -0.0005011228495277464, "rollout/movement_reward": 9.826320592765114e-07, "rollout/orientation_reward": 0.0006273670587688684, "rollout/slack_reward": -0.0010000000474974513, "rollout/terminate_reward": 0.0, "rollout/velocity_reward": -0.10000000149011612, "time/fps": 14.0, "_runtime": 546.5055363178253, "_step": 1, "train/approx_kl": 0.03350841999053955, "train/clip_fraction": 0.35468751192092896, "train/clip_range": 0.20000000298023224, "train/entropy_loss": 15.486108779907227, "train/explained_variance": 0.8907002806663513, "train/learning_rate": 9.998975656344555e-06, "train/loss": -0.08185256272554398, "train/policy_gradient_loss": -0.047351617366075516, "train/std": 0.018316924571990967, "train/value_loss": 0.021876737475395203}