{"global_step": 105, "_timestamp": 1686945641.278207, "rollout/collision_reward": 0.0, "rollout/condition_number_reward": 0.0, "rollout/distance_reward": 0.00479009049013257, "rollout/ep_len_mean": 10.899999618530273, "rollout/ep_rew_mean": 0.004294711630791426, "rollout/movement_reward": 0.0, "rollout/orientation_reward": 0.0008430069428868592, "rollout/slack_reward": -0.0005000000237487257, "rollout/terminate_reward": 0.0, "rollout/velocity_reward": -0.10000000149011612, "time/fps": 4.0, "_runtime": 38.5347261428833, "_step": 9, "autoencoder_image": {"_type": "images/separated", "width": 230, "height": 116, "format": "png", "count": 1, "filenames": ["media/images/autoencoder_image_9_acb73e1cfc92f273dc8e.png"]}, "eval/collision_reward": 0.0, "eval/collisions": 0.0, "eval/condition_number_reward": 0.0, "eval/distance_reward": 0.0032589139882475138, "eval/mean_ep_length": 22.0, "eval/mean_reward": 0.06459099799394608, "eval/movement_reward": -0.0, "eval/orientation_reward": 0.00024563330225646496, "eval/slack_reward": -0.0005000000237487257, "eval/success_rate": 0.0, "eval/terminate_reward": 0.0, "eval/velocity_reward": -0.09926725178956985, "eval_video": {"_type": "videos", "count": 1, "videos": [{"_type": "video-file", "sha256": "f9616c501bc1a4946185f4812f2becf3d08df6ad9a0ae53ca198034e65c21fbc", "size": 1874097, "path": "media/videos/eval_video_9_f9616c501bc1a4946185.gif"}], "captions": false}, "train/ae_loss": 0.22260521352291107, "train/approx_kl": 0.0, "train/clip_fraction": 0.0, "train/clip_range": 0.20000000298023224, "train/entropy_loss": 2.011211395263672, "train/explained_variance": -0.5859978199005127, "train/learning_rate": 9.999899702961557e-06, "train/learning_rate_ae": 9.999799658544362e-06, "train/learning_rate_logstd": 0.009999900124967098, "train/loss": 0.22829411923885345, "train/policy_gradient_loss": 5.9604645663569045e-09, "train/std": 0.16668915748596191, "train/value_loss": 0.007355374284088612}