# 
# Wavefront OBJ file
# Created with Kaydara FBX
# 
mtllib newmockprunerassembly24obj.mtl

g NewMockPrunerAssembly24OBJ
v -10.527063 -169.572171 131.398021
v -10.527063 -165.504248 131.383821
v -10.527063 -165.629340 132.093248
v 19.472937 -165.629340 132.093248
v 19.472937 -165.504248 131.383821
v 19.472937 -169.572171 131.398021
v 14.112519 -166.453815 131.387135
v 13.257241 -166.677171 131.387915
v -2.399011 -169.211796 131.396763
v -2.377063 -169.572171 131.398021
v 11.322937 -169.572171 131.398021
v 12.467773 -167.153761 131.389579
v -5.527063 -166.433128 131.387063
v -6.742759 -166.677171 131.387915
v -5.887481 -166.453815 131.387135
v 17.374638 -168.357290 131.393780
v 14.472937 -166.433128 131.387063
v 11.466195 -168.643948 131.394781
v -2.625362 -168.357290 131.393780
v 17.600989 -169.211796 131.396763
v 15.401627 -166.573139 131.387552
v 16.203021 -166.950769 131.388870
v -3.104712 -167.569491 131.391030
v 11.846631 -167.843864 131.391988
v -4.598373 -166.573139 131.387552
v -3.796979 -166.950769 131.388870
v -7.532227 -167.153761 131.389579
v 16.895288 -167.569491 131.391030
v -8.533805 -168.643948 131.394781
v -8.153369 -167.843864 131.391988
v -8.677063 -169.572171 131.398021
v 17.622937 -169.572171 131.398021
v -4.828170 -172.171518 130.939685
v -5.048118 -171.203309 129.948021
v -5.527063 -171.272171 129.948021
v -3.970854 -171.839696 130.998195
v -4.607973 -171.002302 129.948021
v -3.227552 -171.259912 131.100426
v -4.242289 -170.685434 129.948021
v -2.694654 -170.512042 131.232296
v -3.980688 -170.278376 129.948021
v -3.844366 -169.814106 129.948021
v -3.844366 -169.330235 129.948021
v -3.980688 -168.865965 129.948021
v -4.242289 -168.458907 129.948021
v -4.607973 -168.142040 129.948021
v -5.048118 -167.941033 129.948021
v -5.527063 -167.872171 129.948021
v -5.527063 -172.249997 130.925847
v 15.171830 -172.171518 130.939685
v 14.951882 -171.203309 129.948021
v 14.472937 -171.272171 129.948021
v 16.029146 -171.839696 130.998195
v 15.392027 -171.002302 129.948021
v 16.772448 -171.259912 131.100426
v 15.757711 -170.685434 129.948021
v 17.305346 -170.512042 131.232296
v 16.019312 -170.278376 129.948021
v 16.155634 -169.814106 129.948021
v 16.155634 -169.330235 129.948021
v 16.019312 -168.865965 129.948021
v 15.757711 -168.458907 129.948021
v 15.392027 -168.142040 129.948021
v 14.951882 -167.941033 129.948021
v 14.472937 -167.872171 129.948021
v 14.472937 -172.249997 130.925847
v 13.993992 -167.941033 129.948021
v 13.553848 -168.142040 129.948021
v 13.188163 -168.458907 129.948021
v 12.926563 -168.865965 129.948021
v 12.790241 -169.330235 129.948021
v 11.514015 -170.237206 131.280757
v 12.790241 -169.814106 129.948021
v 11.983934 -171.042344 131.138789
v 12.926563 -170.278376 129.948021
v 12.672537 -171.686680 131.025176
v 13.188163 -170.685434 129.948021
v 13.558099 -172.114320 130.949771
v 13.993992 -171.203309 129.948021
v 13.553848 -171.002302 129.948021
v -6.006008 -167.941033 129.948021
v -6.446152 -168.142040 129.948021
v -6.811837 -168.458907 129.948021
v -7.073437 -168.865965 129.948021
v -7.209759 -169.330235 129.948021
v -8.485985 -170.237206 131.280757
v -7.209759 -169.814106 129.948021
v -8.016066 -171.042344 131.138789
v -7.073437 -170.278376 129.948021
v -7.327463 -171.686680 131.025176
v -6.811837 -170.685434 129.948021
v -6.441901 -172.114320 130.949771
v -6.006008 -171.203309 129.948021
v -6.446152 -171.002302 129.948021
v -5.527063 -167.872171 121.802586
v -5.048118 -167.941032 121.802586
v -4.607973 -168.142040 121.802586
v -4.242289 -168.458907 121.802586
v -3.980688 -168.865965 121.802586
v -3.844366 -169.330235 121.802586
v -3.844366 -169.814106 121.802586
v -3.980688 -170.278376 121.802586
v -4.242289 -170.685434 121.802586
v -4.607973 -171.002302 121.802586
v -5.048118 -171.203309 121.802586
v -5.527063 -171.272171 121.802586
v 14.472937 -167.872171 121.802586
v 14.951882 -167.941032 121.802586
v 15.392027 -168.142040 121.802586
v 15.757711 -168.458907 121.802586
v 16.019312 -168.865965 121.802586
v 16.155634 -169.330235 121.802586
v 16.155634 -169.814106 121.802586
v 16.019312 -170.278376 121.802586
v 15.757711 -170.685434 121.802586
v 15.392027 -171.002302 121.802586
v 14.951882 -171.203309 121.802586
v 14.472937 -171.272171 121.802586
v 13.993992 -171.203309 121.802586
v 13.553848 -171.002302 121.802586
v 13.188163 -170.685434 121.802586
v 12.926563 -170.278376 121.802586
v 12.790241 -169.814106 121.802586
v 12.790241 -169.330235 121.802586
v 12.926563 -168.865965 121.802586
v 13.188163 -168.458907 121.802586
v 13.553848 -168.142040 121.802586
v 13.993992 -167.941032 121.802586
v -6.006008 -171.203309 121.802586
v -6.446152 -171.002302 121.802586
v -6.811837 -170.685434 121.802586
v -7.073437 -170.278376 121.802586
v -7.209759 -169.814106 121.802586
v -7.209759 -169.330235 121.802586
v -7.073437 -168.865965 121.802586
v -6.811837 -168.458907 121.802586
v -6.446152 -168.142040 121.802586
v -6.006008 -167.941032 121.802586
v -20.527063 -179.420248 129.661539
v 49.472937 -179.420248 129.661539
v 49.472937 -159.724093 133.134502
v -20.527063 -159.724093 133.134502
v 49.472937 -178.552007 124.737500
v -20.527063 -178.552007 124.737500
v -20.527063 -178.441364 124.757009
v 49.472937 -178.441364 124.757009
v -20.527063 -177.920419 121.802586
v 49.472937 -177.920419 121.802586
v 49.472937 -152.648837 121.802586
v -20.527063 -152.648837 121.802586
v -20.527063 -158.793963 156.653322
v -20.527063 -163.718001 155.785081
v 49.472937 -158.793963 156.653322
v 49.472937 -163.718001 155.785081
v -7.785128 -162.447365 148.578944
v 35.341799 -162.072000 146.450142
v -7.320857 -161.886643 145.398930
v 35.272937 -162.155168 146.921811
v -6.913800 -161.932069 145.656555
v -8.268998 -162.447365 148.578944
v 37.214872 -162.447365 148.578944
v 37.679143 -162.423693 148.444692
v 36.266732 -162.423693 148.444692
v 36.731002 -161.862970 145.264678
v -6.913800 -162.378266 148.187067
v -6.596932 -162.314766 147.826937
v -8.733268 -162.423693 148.444692
v 38.672937 -162.155168 146.921811
v 36.731002 -162.447365 148.578944
v 35.859674 -162.378266 148.187067
v -7.785128 -161.862970 145.264678
v 35.859674 -161.932069 145.656555
v 35.542806 -161.995569 146.016685
v 36.266732 -161.886643 145.398930
v -7.320857 -162.423693 148.444692
v -9.140326 -162.378266 148.187067
v -8.268998 -161.862970 145.264678
v 38.604075 -162.072000 146.450142
v 38.403068 -161.995569 146.016685
v 38.604075 -162.238336 147.393480
v 38.086200 -162.378266 148.187067
v 38.403068 -162.314766 147.826937
v 37.214872 -161.862970 145.264678
v -6.395925 -162.072000 146.450142
v -6.596932 -161.995569 146.016685
v -6.395925 -162.238336 147.393480
v -6.327063 -162.155168 146.921811
v -9.658201 -162.238336 147.393480
v -9.457194 -162.314766 147.826937
v -9.658201 -162.072000 146.450142
v -9.727063 -162.155168 146.921811
v -9.140326 -161.932069 145.656555
v -9.457194 -161.995569 146.016685
v -8.733268 -161.886643 145.398930
v 35.341799 -162.238336 147.393480
v 35.542806 -162.314766 147.826937
v 38.086200 -161.932069 145.656555
v 37.679143 -161.886643 145.398930
v 38.604075 -160.268720 147.740776
v 38.672937 -160.185552 147.269107
v 38.403068 -160.345150 148.174234
v 38.086200 -160.408651 148.534363
v 37.679143 -160.454077 148.791989
v 37.214872 -160.477749 148.926240
v 36.731002 -160.477749 148.926240
v 36.266732 -160.454077 148.791989
v 35.859674 -160.408651 148.534363
v 35.542806 -160.345150 148.174234
v 35.341799 -160.268720 147.740776
v 35.272937 -160.185552 147.269107
v 35.341799 -160.102384 146.797438
v 35.542806 -160.025954 146.363981
v 35.859674 -159.962453 146.003852
v 36.266732 -159.917027 145.746226
v 36.731002 -159.893355 145.611975
v 37.214872 -159.893355 145.611975
v 37.679143 -159.917027 145.746226
v 38.086200 -159.962453 146.003852
v 38.403068 -160.025954 146.363981
v 38.604075 -160.102384 146.797438
v -6.395925 -160.268720 147.740776
v -6.327063 -160.185552 147.269107
v -6.596932 -160.345150 148.174234
v -6.913800 -160.408651 148.534363
v -7.320857 -160.454077 148.791989
v -7.785128 -160.477749 148.926240
v -8.268998 -160.477749 148.926240
v -8.733268 -160.454077 148.791989
v -9.140326 -160.408651 148.534363
v -9.457194 -160.345150 148.174234
v -9.658201 -160.268720 147.740776
v -9.727063 -160.185552 147.269107
v -9.658201 -160.102384 146.797438
v -9.457194 -160.025954 146.363981
v -9.140326 -159.962453 146.003852
v -8.733268 -159.917027 145.746226
v -8.268998 -159.893355 145.611975
v -7.785128 -159.893355 145.611975
v -7.320857 -159.917027 145.746226
v -6.913800 -159.962453 146.003852
v -6.596932 -160.025954 146.363981
v -6.395925 -160.102384 146.797438
v 36.510414 -160.744164 150.437155
v 37.435460 -160.744164 150.437155
v 39.707011 -160.490666 148.999496
v 40.091289 -160.344550 148.170828
v 36.510414 -159.626940 144.101060
v 35.622838 -159.672195 144.357716
v 38.323036 -160.698909 150.180498
v 40.222937 -160.185552 147.269107
v 38.323036 -159.672195 144.357716
v 37.435460 -159.626940 144.101060
v 34.844640 -159.759040 144.850236
v 34.238863 -159.880438 145.538719
v 33.854585 -160.026554 146.367387
v 34.238863 -160.490666 148.999496
v 34.844640 -160.612064 149.687978
v 35.622838 -160.698909 150.180498
v 39.101235 -160.612064 149.687978
v 39.707011 -159.880438 145.538719
v 39.101235 -159.759040 144.850236
v 33.722937 -160.185552 147.269107
v 33.854585 -160.344550 148.170828
v 40.091289 -160.026554 146.367387
v 40.091289 -157.390126 148.691772
v 40.222937 -157.231129 147.790052
v 39.707011 -157.536243 149.520441
v 39.101235 -157.657641 150.208923
v 38.323036 -157.744486 150.701443
v 37.435460 -157.789741 150.958099
v 36.510414 -157.789741 150.958099
v 35.622838 -157.744486 150.701443
v 34.844640 -157.657641 150.208923
v 34.238863 -157.536243 149.520441
v 33.854585 -157.390126 148.691772
v 33.722937 -157.231129 147.790052
v 33.854585 -157.072131 146.888332
v 34.238863 -156.926015 146.059663
v 34.844640 -156.804617 145.371181
v 35.622838 -156.717772 144.878661
v 36.510414 -156.672517 144.622004
v 37.435460 -156.672517 144.622004
v 38.323036 -156.717772 144.878661
v 39.101235 -156.804617 145.371181
v 39.707011 -156.926015 146.059663
v 40.091289 -157.072131 146.888332
v -10.155360 -157.657641 150.208923
v -10.761137 -157.536243 149.520441
v -8.489586 -157.789741 150.958099
v -9.377162 -157.744486 150.701443
v -6.676964 -157.744486 150.701443
v -7.564540 -157.789741 150.958099
v -7.564540 -156.672517 144.622004
v -10.761137 -156.926015 146.059663
v -10.155360 -156.804617 145.371181
v -5.292989 -157.536243 149.520441
v -5.898765 -157.657641 150.208923
v -4.777063 -157.231129 147.790052
v -5.898765 -156.804617 145.371181
v -5.292989 -156.926015 146.059663
v -6.676964 -156.717772 144.878661
v -8.489586 -156.672517 144.622004
v -9.377162 -156.717772 144.878661
v -4.908711 -157.390126 148.691772
v -4.908711 -157.072131 146.888332
v -11.145415 -157.072131 146.888332
v -11.277063 -157.231129 147.790052
v -11.145415 -157.390126 148.691772
v -8.489586 -160.744164 150.437155
v -7.564540 -160.744164 150.437155
v -5.292989 -160.490666 148.999496
v -4.908711 -160.344550 148.170828
v -8.489586 -159.626940 144.101060
v -9.377162 -159.672195 144.357716
v -6.676964 -160.698909 150.180498
v -4.777063 -160.185552 147.269107
v -6.676964 -159.672195 144.357716
v -7.564540 -159.626940 144.101060
v -10.155360 -159.759040 144.850236
v -10.761137 -159.880438 145.538719
v -11.145415 -160.026554 146.367387
v -10.761137 -160.490666 148.999496
v -10.155360 -160.612064 149.687978
v -9.377162 -160.698909 150.180498
v -5.898765 -160.612064 149.687978
v -5.292989 -159.880438 145.538719
v -5.898765 -159.759040 144.850236
v -11.277063 -160.185552 147.269107
v -11.145415 -160.344550 148.170828
v -4.908711 -160.026554 146.367387
v -4.927063 -105.822169 80.802590
v -4.927063 -105.822169 90.802590
v -0.927063 -105.822169 90.802590
v -0.927063 -105.822169 80.802590
v -4.927063 -131.822169 82.687590
v -4.927063 -131.822169 88.917590
v -4.927063 -131.822169 80.802590
v -4.927063 -131.822169 90.802590
v -0.927063 -113.322169 80.802590
v -0.927063 -113.322169 90.802590
v 1.572937 -113.322169 80.802590
v 1.572937 -113.322169 90.802590
v 1.572937 -110.072169 80.802590
v 1.572937 -110.072169 90.802590
v 3.372937 -110.072169 80.802590
v 3.372937 -110.072169 90.802590
v 3.372937 -124.072169 80.802590
v 3.372937 -124.072169 90.802590
v 1.572937 -124.072169 80.802590
v 1.572937 -124.072169 90.802590
v 1.572937 -120.822169 80.802590
v 1.572937 -120.822169 90.802590
v -0.927063 -120.822169 80.802590
v -0.927063 -131.822169 80.802590
v -0.927063 -120.822169 90.802590
v -0.927063 -131.822169 90.802590
v -0.927063 -134.362169 88.917590
v -0.927063 -134.362169 94.802590
v -0.927063 -134.362169 94.052590
v -0.927063 -131.822169 94.052590
v -0.927063 -134.362169 82.687590
v -0.927063 -134.362169 76.802590
v -0.927063 -131.822169 76.802590
v -0.927063 -131.822169 94.802590
v -85.927063 -134.362169 94.802590
v -80.634030 -134.362169 94.802590
v -80.634030 -131.822169 94.802590
v -64.927063 -131.822169 94.802590
v -64.927063 -134.362169 94.802590
v -56.340997 -131.822169 94.802590
v -56.340997 -134.362169 94.802590
v -44.927063 -131.822169 94.802590
v -44.927063 -134.362169 94.802590
v -33.327190 -131.822169 94.802590
v -33.327190 -134.362169 94.802590
v -24.927063 -131.822169 94.802590
v -24.927063 -134.362169 94.802590
v -9.620223 -131.822169 94.802590
v -9.620223 -134.362169 94.802590
v -85.927063 -131.822169 94.802590
v -85.927063 -134.362169 76.802590
v -85.927063 -134.362169 82.687590
v -85.927063 -131.822169 82.687590
v -85.927063 -131.822169 88.917590
v -85.927063 -134.362169 88.917590
v -85.927063 -131.822169 94.052590
v -85.927063 -134.362169 94.052590
v -85.927063 -131.822169 76.802590
v -9.620223 -134.362169 76.802590
v -9.620223 -131.822169 76.802590
v -24.927063 -131.822169 76.802590
v -24.927063 -134.362169 76.802590
v -33.327190 -131.822169 76.802590
v -33.327190 -134.362169 76.802590
v -44.927063 -131.822169 76.802590
v -44.927063 -134.362169 76.802590
v -56.340997 -131.822169 76.802590
v -56.340997 -134.362169 76.802590
v -64.927063 -131.822169 76.802590
v -64.927063 -134.362169 76.802590
v -80.634030 -131.822169 76.802590
v -80.634030 -134.362169 76.802590
v -23.927063 -131.822169 78.302590
v -23.927063 -131.822169 80.842590
v -9.620223 -131.822169 80.842590
v -5.927063 -131.822169 78.302590
v -5.927063 -131.822169 80.842590
v -9.620223 -131.822169 78.302590
v -83.927063 -131.822169 78.302590
v -83.927063 -131.822169 80.842590
v -80.634030 -131.822169 80.842590
v -65.927063 -131.822169 80.842590
v -65.927063 -131.822169 78.302590
v -80.634030 -131.822169 78.302590
v -23.927063 -131.822169 90.762590
v -23.927063 -131.822169 93.302590
v -9.620223 -131.822169 93.302590
v -5.927063 -131.822169 90.762590
v -5.927063 -131.822169 93.302590
v -9.620223 -131.822169 90.762590
v -43.927063 -131.822169 90.762590
v -43.927063 -131.822169 93.302590
v -33.327190 -131.822169 93.302590
v -25.927063 -131.822169 93.302590
v -25.927063 -131.822169 90.762590
v -33.327190 -131.822169 90.762590
v -77.340997 -131.822169 84.532590
v -77.340997 -131.822169 87.072590
v -64.927063 -131.822169 87.072590
v -59.340997 -131.822169 87.072590
v -59.340997 -131.822169 84.532590
v -64.927063 -131.822169 84.532590
v -43.927063 -131.822169 78.302590
v -43.927063 -131.822169 80.842590
v -33.327190 -131.822169 80.842590
v -25.927063 -131.822169 80.842590
v -25.927063 -131.822169 78.302590
v -33.327190 -131.822169 78.302590
v -63.927063 -131.822169 78.302590
v -63.927063 -131.822169 80.842590
v -56.340997 -131.822169 80.842590
v -45.927063 -131.822169 80.842590
v -45.927063 -131.822169 78.302590
v -56.340997 -131.822169 78.302590
v -53.340997 -131.822169 84.532590
v -53.340997 -131.822169 87.072590
v -44.927063 -131.822169 87.072590
v -35.340997 -131.822169 87.072590
v -35.340997 -131.822169 84.532590
v -44.927063 -131.822169 84.532590
v -31.313384 -131.822169 84.532590
v -31.313384 -131.822169 87.072590
v -24.927063 -131.822169 87.072590
v -13.313384 -131.822169 87.072590
v -13.313384 -131.822169 84.532590
v -24.927063 -131.822169 84.532590
v -83.927063 -131.822169 90.762590
v -83.927063 -131.822169 93.302590
v -80.634030 -131.822169 93.302590
v -65.927063 -131.822169 93.302590
v -65.927063 -131.822169 90.762590
v -80.634030 -131.822169 90.762590
v -63.927063 -131.822169 90.762590
v -63.927063 -131.822169 93.302590
v -56.340997 -131.822169 93.302590
v -45.927063 -131.822169 93.302590
v -45.927063 -131.822169 90.762590
v -56.340997 -131.822169 90.762590
v -9.620223 -131.822169 94.052590
v -24.927063 -131.822169 94.052590
v -33.327190 -131.822169 94.052590
v -44.927063 -131.822169 94.052590
v -56.340997 -131.822169 94.052590
v -64.927063 -131.822169 94.052590
v -80.634030 -131.822169 94.052590
v -80.634030 -131.822169 88.917590
v -80.634030 -131.822169 82.687590
v -9.620223 -131.822169 82.687590
v -24.927063 -131.822169 82.687590
v -64.927063 -131.822169 82.687590
v -9.620223 -131.822169 88.917590
v -24.927063 -131.822169 88.917590
v -33.327190 -131.822169 88.917590
v -44.927063 -131.822169 88.917590
v -64.927063 -131.822169 88.917590
v -56.340997 -131.822169 88.917590
v -56.340997 -131.822169 82.687590
v -44.927063 -131.822169 82.687590
v -33.327190 -131.822169 82.687590
v -45.927063 -134.362169 90.762590
v -45.927063 -134.362169 93.302590
v -56.340997 -134.362169 93.302590
v -63.927063 -134.362169 90.762590
v -56.340997 -134.362169 90.762590
v -63.927063 -134.362169 93.302590
v -65.927063 -134.362169 90.762590
v -65.927063 -134.362169 93.302590
v -80.634030 -134.362169 93.302590
v -83.927063 -134.362169 90.762590
v -80.634030 -134.362169 90.762590
v -83.927063 -134.362169 93.302590
v -13.313384 -134.362169 84.532590
v -13.313384 -134.362169 87.072590
v -24.927063 -134.362169 87.072590
v -31.313384 -134.362169 84.532590
v -31.313384 -134.362169 87.072590
v -24.927063 -134.362169 84.532590
v -35.340997 -134.362169 84.532590
v -35.340997 -134.362169 87.072590
v -44.927063 -134.362169 87.072590
v -53.340997 -134.362169 84.532590
v -53.340997 -134.362169 87.072590
v -44.927063 -134.362169 84.532590
v -45.927063 -134.362169 78.302590
v -45.927063 -134.362169 80.842590
v -56.340997 -134.362169 80.842590
v -63.927063 -134.362169 78.302590
v -63.927063 -134.362169 80.842590
v -56.340997 -134.362169 78.302590
v -25.927063 -134.362169 78.302590
v -25.927063 -134.362169 80.842590
v -33.327190 -134.362169 80.842590
v -43.927063 -134.362169 78.302590
v -43.927063 -134.362169 80.842590
v -33.327190 -134.362169 78.302590
v -5.927063 -134.362169 78.302590
v -5.927063 -134.362169 80.842590
v -9.620223 -134.362169 80.842590
v -23.927063 -134.362169 78.302590
v -23.927063 -134.362169 80.842590
v -9.620223 -134.362169 78.302590
v -59.340997 -134.362169 84.532590
v -59.340997 -134.362169 87.072590
v -64.927063 -134.362169 87.072590
v -77.340997 -134.362169 84.532590
v -64.927063 -134.362169 84.532590
v -77.340997 -134.362169 87.072590
v -25.927063 -134.362169 90.762590
v -25.927063 -134.362169 93.302590
v -33.327190 -134.362169 93.302590
v -43.927063 -134.362169 90.762590
v -33.327190 -134.362169 90.762590
v -43.927063 -134.362169 93.302590
v -5.927063 -134.362169 90.762590
v -5.927063 -134.362169 93.302590
v -9.620223 -134.362169 93.302590
v -23.927063 -134.362169 90.762590
v -9.620223 -134.362169 90.762590
v -23.927063 -134.362169 93.302590
v -65.927063 -134.362169 78.302590
v -65.927063 -134.362169 80.842590
v -80.634030 -134.362169 80.842590
v -83.927063 -134.362169 78.302590
v -83.927063 -134.362169 80.842590
v -80.634030 -134.362169 78.302590
v -80.634030 -134.362169 88.917590
v -80.634030 -134.362169 94.052590
v -64.927063 -134.362169 94.052590
v -56.340997 -134.362169 94.052590
v -44.927063 -134.362169 94.052590
v -33.327190 -134.362169 94.052590
v -24.927063 -134.362169 94.052590
v -9.620223 -134.362169 94.052590
v -9.620223 -134.362169 88.917590
v -9.620223 -134.362169 82.687590
v -56.340997 -134.362169 88.917590
v -44.927063 -134.362169 88.917590
v -64.927063 -134.362169 88.917590
v -24.927063 -134.362169 82.687590
v -24.927063 -134.362169 88.917590
v -33.327190 -134.362169 82.687590
v -33.327190 -134.362169 88.917590
v -44.927063 -134.362169 82.687590
v -56.340997 -134.362169 82.687590
v -64.927063 -134.362169 82.687590
v -80.634030 -134.362169 82.687590
v -24.870876 37.367834 67.984957
v -24.982396 37.367834 72.243728
v -24.132753 37.367834 74.221324
v -25.235382 37.367834 70.106258
v -22.756431 37.367834 75.876171
v -22.457855 37.367834 64.473990
v -23.918898 37.367834 66.054538
v -22.324796 37.367834 76.236459
v -22.324796 37.367834 64.368711
v -17.737952 29.367834 77.802585
v -18.631684 38.074999 77.749144
v -19.541086 37.763238 77.582606
v -17.737952 38.481841 77.802585
v -18.292316 38.217052 77.782069
v -18.911210 29.367834 77.710247
v -20.654623 37.508335 77.212218
v -20.965604 37.460659 77.072538
v -20.427447 37.549507 77.303772
v -22.756431 29.367834 75.876171
v -20.966785 29.367834 77.071975
v -22.083581 37.370775 76.415318
v -21.289923 37.421527 76.908151
v -24.132753 29.367834 74.221324
v -24.982396 29.367834 72.243728
v -25.235382 29.367834 70.106258
v -24.870876 29.367834 67.984957
v -23.918898 29.367834 66.054538
v -22.457855 29.367834 64.473990
v -21.487952 29.367834 63.807394
v -21.526349 37.399761 63.829715
v -21.487952 37.402911 63.807394
v -20.652035 37.508733 63.324777
v -19.445506 37.791316 62.628188
v -12.324796 29.367834 58.517044
v -18.295284 38.215619 61.964107
v -14.503215 41.137034 59.774755
v -14.437855 41.219976 59.737019
v -17.662912 38.520979 61.599006
v -16.181169 39.477596 60.743522
v -15.909549 39.696810 60.586702
v -12.466505 45.690306 58.598860
v -12.369215 46.426347 58.542689
v -13.421719 42.814239 59.150353
v -13.175888 43.330819 59.008422
v -12.714827 44.602244 58.742228
v -12.324796 47.367834 58.517044
v -13.987952 29.367834 76.797775
v -15.521771 40.038494 77.467677
v -15.790355 39.798056 77.545296
v -14.703856 40.892389 77.161467
v -13.987952 41.845422 76.797775
v -14.435963 41.221804 77.036593
v -15.796809 29.367834 77.547029
v -17.210567 38.774441 77.784020
v -16.177086 39.480608 77.638367
v -16.313555 39.376072 77.666082
v -12.324796 29.367834 75.837552
v -13.175373 43.331987 76.328633
v -13.071778 43.575519 76.268822
v -12.512154 45.441166 75.945723
v -12.324796 47.367834 75.837552
v -17.737952 38.481841 73.152585
v -18.200929 38.257903 73.114729
v -17.096639 38.843858 73.079493
v -16.497893 39.241057 72.868662
v -16.172617 39.484252 72.684229
v -15.968915 39.647364 72.537089
v -15.887680 39.715018 72.470301
v -15.579150 39.985458 72.163250
v -15.252007 40.298460 71.696349
v -15.349362 40.202385 71.857300
v -14.917282 40.649984 70.710413
v -15.005790 40.553666 71.113628
v -15.035392 40.521995 71.207389
v -14.890392 40.679786 70.184667
v -14.887952 40.682525 70.303118
v -14.956462 40.607090 69.681446
v -15.109695 40.443776 69.200421
v -15.006149 40.553282 69.490333
v -15.357494 40.194469 68.735448
v -16.184283 39.475168 67.913315
v -15.887835 39.714893 68.134736
v -15.713838 39.864789 68.296229
v -16.677561 39.115032 67.657198
v -16.578409 39.183859 67.699133
v -17.259427 38.746160 67.493045
v -17.737952 38.481841 67.452585
v -18.292201 38.217140 67.506998
v -18.351367 38.191286 67.519381
v -18.934652 37.960060 67.716002
v -19.896260 37.667253 68.441348
v -19.588250 37.749584 68.134891
v -19.467651 37.784769 68.037493
v -20.249517 37.585504 68.955535
v -20.127842 37.612199 68.749870
v -20.486284 37.538035 69.548151
v -20.587952 37.519820 70.302607
v -20.542235 37.527789 70.811011
v -20.585373 37.520253 70.181371
v -20.362990 37.561991 71.412392
v -20.470532 37.540997 71.112218
v -20.076169 37.623999 71.932076
v -20.128041 37.612156 71.854993
v -19.708955 37.716027 72.361140
v -19.262251 37.848468 72.710698
v -19.588140 37.749614 72.470373
v -18.774400 38.019321 72.957444
v -18.896073 37.974039 72.906669
v -18.293552 38.216543 73.097904
v -17.365952 29.367834 73.128203
v -17.737952 29.367834 73.152585
v -16.578752 29.367834 72.906189
v -15.887025 29.367834 72.469742
v -15.347741 29.367834 71.854806
v -15.005316 29.367834 71.112029
v -14.887952 29.367834 70.302585
v -15.005316 29.367834 69.493141
v -15.347741 29.367834 68.750364
v -15.887025 29.367834 68.135428
v -16.578752 29.367834 67.698980
v -17.365952 29.367834 67.476967
v -17.737952 29.367834 67.452585
v -18.109951 29.367834 67.476967
v -18.897151 29.367834 67.698980
v -19.588879 29.367834 68.135428
v -20.128163 29.367834 68.750364
v -20.470588 29.367834 69.493141
v -20.587952 29.367834 70.302585
v -20.470588 29.367834 71.112029
v -20.128163 29.367834 71.854806
v -19.588879 29.367834 72.469742
v -18.897151 29.367834 72.906189
v -18.109951 29.367834 73.128203
v -12.324796 49.807834 24.302585
v -12.324796 46.557298 28.229529
v -12.324796 46.316730 29.048830
v -12.324796 49.807834 81.302585
v -12.324796 46.557298 27.375640
v -12.324796 29.367834 24.302585
v -12.324796 40.618369 27.375640
v -12.324796 40.858938 26.556340
v -12.324796 40.858938 29.048830
v -12.324796 41.965911 30.326345
v -12.324796 41.320585 29.767167
v -12.324796 43.587834 30.802585
v -12.324796 42.742636 30.681064
v -12.324796 44.433031 30.681064
v -12.324796 46.316730 26.556340
v -12.324796 45.209756 25.278824
v -12.324796 45.855082 25.838003
v -12.324796 41.320585 25.838003
v -12.324796 41.965911 25.278824
v -12.324796 40.618369 28.229529
v -12.324796 45.855082 29.767167
v -12.324796 45.209756 30.326345
v -12.324796 42.742636 24.924106
v -12.324796 43.587834 24.802585
v -12.324796 44.433031 24.924106
v -12.324796 29.367834 81.302585
v -10.824796 29.367834 82.802585
v -10.824796 49.807834 82.802585
v -11.213025 49.807834 82.751474
v -11.213025 29.367834 82.751474
v -11.574796 49.807834 82.601623
v -11.574796 29.367834 82.601623
v -11.885456 49.807834 82.363245
v -11.885456 29.367834 82.363245
v -12.123834 49.807834 82.052585
v -12.123834 29.367834 82.052585
v -12.273685 49.807834 81.690813
v -12.273685 29.367834 81.690813
v -10.824796 49.807834 22.802585
v -10.824796 29.367834 22.802585
v -11.213025 29.367834 22.853696
v -11.213025 49.807834 22.853696
v -11.574796 29.367834 23.003547
v -11.574796 49.807834 23.003547
v -11.885456 29.367834 23.241925
v -11.885456 49.807834 23.241925
v -12.123834 29.367834 23.552585
v -12.123834 49.807834 23.552585
v -12.273685 29.367834 23.914356
v -12.273685 49.807834 23.914356
v -2.427063 49.807834 22.802585
v -2.427063 29.367834 22.802585
v 0.175204 49.807834 82.802585
v -0.201853 49.807834 22.551864
v 0.175204 49.807834 22.458060
v -12.290722 43.587834 25.061404
v -12.190821 43.587834 25.302585
v -12.290722 43.587834 30.543766
v -12.031903 43.587834 25.509692
v -12.190821 43.587834 30.302585
v -11.824796 43.587834 25.668610
v -12.031903 43.587834 30.095478
v -11.583615 43.587834 25.768511
v -11.824796 43.587834 29.936559
v -11.324796 43.587834 25.802585
v -11.324796 43.024369 25.883599
v -11.324796 42.506552 26.120078
v -11.324796 42.076335 26.492863
v -11.324796 41.768570 26.971755
v -11.324796 41.608191 27.517955
v -11.324796 41.608191 28.087215
v -11.324796 41.768570 28.633415
v -11.324796 42.076335 29.112306
v -11.324796 42.506552 29.485092
v -11.324796 43.024369 29.721571
v -11.583615 43.587834 29.836659
v -11.324796 43.587834 29.802585
v -12.290722 42.815554 25.172441
v -12.290722 42.105839 25.496557
v -12.290722 41.516187 26.007493
v -12.290722 41.094368 26.663857
v -12.290722 40.874554 27.412474
v -12.290722 40.874554 28.192696
v -12.290722 41.094368 28.941313
v -12.290722 41.516187 29.597677
v -12.290722 42.105839 30.108613
v -12.290722 42.815554 30.432729
v -12.190821 42.883502 25.403852
v -12.190821 42.236232 25.699451
v -12.190821 41.698460 26.165433
v -12.190821 41.313754 26.764047
v -12.190821 41.113280 27.446798
v -12.190821 41.113280 28.158372
v -12.190821 41.313754 28.841122
v -12.190821 41.698460 29.439737
v -12.190821 42.236232 29.905719
v -12.190821 42.883502 30.201317
v -12.031903 42.941851 25.602570
v -12.031903 42.348202 25.873680
v -12.031903 41.854981 26.301059
v -12.031903 41.502145 26.850083
v -12.031903 41.318279 27.476272
v -12.031903 41.318279 28.128898
v -12.031903 41.502145 28.755087
v -12.031903 41.854981 29.304111
v -12.031903 42.348202 29.731489
v -12.031903 42.941851 30.002600
v -11.824796 42.986624 25.755051
v -11.824796 42.434120 26.007371
v -11.824796 41.975083 26.405129
v -11.824796 41.646702 26.916100
v -11.824796 41.475580 27.498889
v -11.824796 41.475580 28.106281
v -11.824796 41.646702 28.689070
v -11.824796 41.975083 29.200041
v -11.824796 42.434120 29.597799
v -11.824796 42.986624 29.850119
v -11.583615 43.014769 25.850905
v -11.583615 42.488130 26.091413
v -11.583615 42.050583 26.470550
v -11.583615 41.737575 26.957600
v -11.583615 41.574463 27.513106
v -11.583615 41.574463 28.092064
v -11.583615 41.737575 28.647570
v -11.583615 42.050583 29.134620
v -11.583615 42.488130 29.513757
v -11.583615 43.014769 29.754265
v -11.324796 44.151299 29.721571
v -11.324796 44.669115 29.485092
v -11.324796 45.099333 29.112306
v -11.324796 45.407098 28.633415
v -11.324796 45.567477 28.087215
v -11.324796 45.567477 27.517955
v -11.324796 45.407098 26.971755
v -11.324796 45.099333 26.492863
v -11.324796 44.669115 26.120078
v -11.324796 44.151299 25.883599
v -12.290722 44.360114 30.432729
v -12.290722 45.069828 30.108613
v -12.290722 45.659480 29.597677
v -12.290722 46.081300 28.941313
v -12.290722 46.301113 28.192696
v -12.290722 46.301113 27.412474
v -12.290722 46.081300 26.663857
v -12.290722 45.659480 26.007493
v -12.290722 45.069828 25.496557
v -12.290722 44.360114 25.172441
v -12.190821 44.292165 30.201317
v -12.190821 44.939436 29.905719
v -12.190821 45.477208 29.439737
v -12.190821 45.861914 28.841122
v -12.190821 46.062387 28.158372
v -12.190821 46.062387 27.446798
v -12.190821 45.861914 26.764047
v -12.190821 45.477208 26.165433
v -12.190821 44.939436 25.699451
v -12.190821 44.292165 25.403852
v -12.031903 44.233816 30.002600
v -12.031903 44.827465 29.731489
v -12.031903 45.320687 29.304111
v -12.031903 45.673523 28.755087
v -12.031903 45.857389 28.128898
v -12.031903 45.857389 27.476272
v -12.031903 45.673523 26.850083
v -12.031903 45.320687 26.301059
v -12.031903 44.827465 25.873680
v -12.031903 44.233816 25.602570
v -11.824796 44.189044 29.850119
v -11.824796 44.741547 29.597799
v -11.824796 45.200584 29.200041
v -11.824796 45.528965 28.689070
v -11.824796 45.700087 28.106281
v -11.824796 45.700087 27.498889
v -11.824796 45.528965 26.916100
v -11.824796 45.200584 26.405129
v -11.824796 44.741547 26.007371
v -11.824796 44.189044 25.755051
v -11.583615 44.160899 29.754265
v -11.583615 44.687537 29.513757
v -11.583615 45.125084 29.134620
v -11.583615 45.438093 28.647570
v -11.583615 45.601204 28.092064
v -11.583615 45.601204 27.513106
v -11.583615 45.438093 26.957600
v -11.583615 45.125084 26.470550
v -11.583615 44.687537 26.091413
v -11.583615 44.160899 25.850905
v -0.824796 44.151299 29.721571
v -0.824796 43.587834 29.802585
v -0.824796 44.669115 29.485092
v -0.824796 45.099333 29.112306
v -0.824796 45.407098 28.633415
v -0.824796 45.567477 28.087215
v -0.824796 45.567477 27.517955
v -0.824796 45.407098 26.971755
v -0.824796 45.099333 26.492863
v -0.824796 44.669115 26.120078
v -0.824796 44.151299 25.883599
v -0.824796 43.587834 25.802585
v -0.824796 43.024369 25.883599
v -0.824796 42.506552 26.120078
v -0.824796 42.076335 26.492863
v -0.824796 41.768570 26.971755
v -0.824796 41.608191 27.517955
v -0.824796 41.608191 28.087215
v -0.824796 41.768570 28.633415
v -0.824796 42.076335 29.112306
v -0.824796 42.506552 29.485092
v -0.824796 43.024369 29.721571
v 0.141130 43.587834 30.543766
v 0.175204 43.587834 30.802585
v 0.175204 42.742636 30.681064
v 0.175204 41.965911 30.326345
v 0.175204 41.320585 29.767167
v 0.175204 40.858938 29.048830
v 0.175204 40.618369 28.229529
v 0.175204 40.618369 27.375640
v 0.175204 40.858938 26.556340
v 0.175204 41.320585 25.838003
v 0.175204 41.965911 25.278824
v 0.175204 42.742636 24.924106
v 0.175204 43.587834 24.802585
v 0.041229 43.587834 30.302585
v 0.141130 43.587834 25.061404
v -0.117689 43.587834 30.095478
v 0.041229 43.587834 25.302585
v -0.324796 43.587834 29.936559
v -0.117689 43.587834 25.509692
v -0.565977 43.587834 29.836659
v -0.324796 43.587834 25.668610
v -0.565977 43.587834 25.768511
v 0.141130 42.815554 30.432729
v 0.141130 42.105839 30.108613
v 0.141130 41.516187 29.597677
v 0.141130 41.094368 28.941313
v 0.141130 40.874554 28.192696
v 0.141130 40.874554 27.412474
v 0.141130 41.094368 26.663857
v 0.141130 41.516187 26.007493
v 0.141130 42.105839 25.496557
v 0.141130 42.815554 25.172441
v 0.041229 42.883502 30.201317
v 0.041229 42.236232 29.905719
v 0.041229 41.698460 29.439737
v 0.041229 41.313754 28.841122
v 0.041229 41.113280 28.158372
v 0.041229 41.113280 27.446798
v 0.041229 41.313754 26.764047
v 0.041229 41.698460 26.165433
v 0.041229 42.236232 25.699451
v 0.041229 42.883502 25.403852
v -0.117689 42.941851 30.002600
v -0.117689 42.348202 29.731489
v -0.117689 41.854981 29.304111
v -0.117689 41.502145 28.755087
v -0.117689 41.318279 28.128898
v -0.117689 41.318279 27.476272
v -0.117689 41.502145 26.850083
v -0.117689 41.854981 26.301059
v -0.117689 42.348202 25.873680
v -0.117689 42.941851 25.602570
v -0.324796 42.986624 29.850119
v -0.324796 42.434120 29.597799
v -0.324796 41.975083 29.200041
v -0.324796 41.646702 28.689070
v -0.324796 41.475580 28.106281
v -0.324796 41.475580 27.498889
v -0.324796 41.646702 26.916100
v -0.324796 41.975083 26.405129
v -0.324796 42.434120 26.007371
v -0.324796 42.986624 25.755051
v -0.565977 43.014769 29.754265
v -0.565977 42.488130 29.513757
v -0.565977 42.050583 29.134620
v -0.565977 41.737575 28.647570
v -0.565977 41.574463 28.092064
v -0.565977 41.574463 27.513106
v -0.565977 41.737575 26.957600
v -0.565977 42.050583 26.470550
v -0.565977 42.488130 26.091413
v -0.565977 43.014769 25.850905
v 0.175204 44.433031 24.924106
v 0.175204 45.209756 25.278824
v 0.175204 45.855082 25.838003
v 0.175204 46.316730 26.556340
v 0.175204 46.557298 27.375640
v 0.175204 46.557298 28.229529
v 0.175204 46.316730 29.048830
v 0.175204 45.855082 29.767167
v 0.175204 45.209756 30.326345
v 0.175204 44.433031 30.681064
v 0.141130 44.360114 25.172441
v 0.141130 45.069828 25.496557
v 0.141130 45.659480 26.007493
v 0.141130 46.081300 26.663857
v 0.141130 46.301113 27.412474
v 0.141130 46.301113 28.192696
v 0.141130 46.081300 28.941313
v 0.141130 45.659480 29.597677
v 0.141130 45.069828 30.108613
v 0.141130 44.360114 30.432729
v 0.041229 44.292165 25.403852
v 0.041229 44.939436 25.699451
v 0.041229 45.477208 26.165433
v 0.041229 45.861914 26.764047
v 0.041229 46.062387 27.446798
v 0.041229 46.062387 28.158372
v 0.041229 45.861914 28.841122
v 0.041229 45.477208 29.439737
v 0.041229 44.939436 29.905719
v 0.041229 44.292165 30.201317
v -0.117689 44.233816 25.602570
v -0.117689 44.827465 25.873680
v -0.117689 45.320687 26.301059
v -0.117689 45.673523 26.850083
v -0.117689 45.857389 27.476272
v -0.117689 45.857389 28.128898
v -0.117689 45.673523 28.755087
v -0.117689 45.320687 29.304111
v -0.117689 44.827465 29.731489
v -0.117689 44.233816 30.002600
v -0.324796 44.189044 25.755051
v -0.324796 44.741547 26.007371
v -0.324796 45.200584 26.405129
v -0.324796 45.528965 26.916100
v -0.324796 45.700087 27.498889
v -0.324796 45.700087 28.106281
v -0.324796 45.528965 28.689070
v -0.324796 45.200584 29.200041
v -0.324796 44.741547 29.597799
v -0.324796 44.189044 29.850119
v -0.565977 44.160899 25.850905
v -0.565977 44.687537 26.091413
v -0.565977 45.125084 26.470550
v -0.565977 45.438093 26.957600
v -0.565977 45.601204 27.513106
v -0.565977 45.601204 28.092064
v -0.565977 45.438093 28.647570
v -0.565977 45.125084 29.134620
v -0.565977 44.687537 29.513757
v -0.565977 44.160899 29.754265
v -0.201853 29.367834 22.551864
v 1.911775 29.367834 21.812274
v 0.175204 37.367834 22.458060
v 1.911775 37.367834 21.812274
v 3.807835 37.367834 20.620900
v 3.807835 29.367834 20.620900
v 5.391252 37.367834 19.037483
v 5.391252 29.367834 19.037483
v 6.582626 37.367834 17.141422
v 6.582626 29.367834 17.141422
v 7.322216 37.367834 15.027794
v 7.322216 29.367834 15.027794
v 7.572937 37.367834 12.802585
v 7.572937 29.367834 12.802585
v 17.572937 37.367834 12.802585
v 17.572937 29.367834 12.802585
v 17.370402 29.367834 11.393922
v 17.370402 37.367834 11.393922
v 16.779205 29.367834 10.099381
v 16.779205 37.367834 10.099381
v 15.847241 29.367834 9.023837
v 15.847241 37.367834 9.023837
v 14.650012 29.367834 8.254425
v 14.650012 37.367834 8.254425
v 13.284511 29.367834 7.853478
v 13.284511 37.367834 7.853478
v 11.861363 29.367834 7.853478
v 11.861363 37.367834 7.853478
v 10.495862 29.367834 8.254425
v 10.495862 37.367834 8.254425
v 9.298634 29.367834 9.023837
v 9.298634 37.367834 9.023837
v 8.366670 29.367834 10.099381
v 8.366670 37.367834 10.099381
v 7.775472 29.367834 11.393922
v 7.775472 37.367834 11.393922
v 0.175204 46.307834 32.802585
v 0.175204 37.367834 32.802585
v 0.175204 46.307834 82.802585
v -5.824796 40.307834 32.802585
v -5.824796 37.367834 32.802585
v -5.824796 40.307834 82.802585
v -5.824796 37.367834 82.802585
v 6.675204 29.367834 82.802585
v 6.675204 37.367834 82.802585
v 27.572937 29.367834 22.802585
v 25.347728 29.367834 22.551864
v 25.347728 49.807834 22.551864
v 17.823658 29.367834 15.027794
v 18.563249 29.367834 17.141422
v 17.823658 37.367834 15.027794
v 19.754622 29.367834 19.037483
v 18.563249 37.367834 17.141422
v 21.338039 29.367834 20.620900
v 19.754622 37.367834 19.037483
v 23.234100 29.367834 21.812274
v 21.338039 37.367834 20.620900
v 25.175204 37.367834 22.510874
v 23.234100 37.367834 21.812274
v 25.175204 49.807834 22.510874
v 27.572937 49.807834 22.802585
v 36.175204 29.367834 22.802585
v 36.175204 49.807834 22.802585
v 36.563433 49.807834 22.853696
v 36.563433 29.367834 22.853696
v 36.925204 49.807834 23.003547
v 36.925204 29.367834 23.003547
v 37.235864 49.807834 23.241925
v 37.235864 29.367834 23.241925
v 37.474242 49.807834 23.552585
v 37.474242 29.367834 23.552585
v 37.624093 49.807834 23.914356
v 37.624093 29.367834 23.914356
v 37.675204 49.807834 24.302585
v 37.675204 29.367834 24.302585
v 36.175204 49.807834 82.802585
v 37.474242 49.807834 82.052585
v 37.624093 49.807834 81.690813
v 37.675204 49.807834 81.302585
v 37.235864 49.807834 82.363245
v 36.563433 49.807834 82.751474
v 36.925204 49.807834 82.601623
v 25.175204 49.807834 82.802585
v 36.175204 29.367834 82.802585
v 36.563433 29.367834 82.751474
v 36.925204 29.367834 82.601623
v 37.235864 29.367834 82.363245
v 37.474242 29.367834 82.052585
v 37.624093 29.367834 81.690813
v 37.675204 29.367834 81.302585
v 31.175204 40.307834 82.802585
v 25.175204 46.307834 82.802585
v 18.675204 29.367834 82.802585
v 31.175204 37.367834 82.802585
v 18.675204 37.367834 82.802585
v 25.175204 46.307834 32.802585
v 31.175204 40.307834 32.802585
v 25.175204 37.367834 32.802585
v 31.175204 37.367834 32.802585
v 25.175204 46.557298 28.229529
v 25.175204 46.316730 29.048830
v 25.175204 46.557298 27.375640
v 25.175204 40.618369 27.375640
v 25.175204 40.858938 26.556340
v 25.175204 40.618369 28.229529
v 25.175204 41.965911 30.326345
v 25.175204 41.320585 29.767167
v 25.175204 43.587834 30.802585
v 25.175204 46.316730 26.556340
v 25.175204 45.209756 25.278824
v 25.175204 45.855082 25.838003
v 25.175204 41.320585 25.838003
v 25.175204 41.965911 25.278824
v 25.175204 40.858938 29.048830
v 25.175204 42.742636 30.681064
v 25.175204 45.855082 29.767167
v 25.175204 45.209756 30.326345
v 25.175204 43.587834 24.802585
v 25.175204 44.433031 30.681064
v 25.175204 44.433031 24.924106
v 25.175204 42.742636 24.924106
v 25.209278 43.587834 25.061404
v 25.309179 43.587834 25.302585
v 25.209278 43.587834 30.543766
v 25.468097 43.587834 25.509692
v 25.309179 43.587834 30.302585
v 25.675204 43.587834 25.668610
v 25.468097 43.587834 30.095478
v 25.916385 43.587834 25.768511
v 25.675204 43.587834 29.936559
v 26.175204 43.587834 25.802585
v 26.175204 43.024369 25.883599
v 26.175204 42.506552 26.120078
v 26.175204 42.076335 26.492863
v 26.175204 41.768570 26.971755
v 26.175204 41.608191 27.517955
v 26.175204 41.608191 28.087215
v 26.175204 41.768570 28.633415
v 26.175204 42.076335 29.112306
v 26.175204 42.506552 29.485092
v 26.175204 43.024369 29.721571
v 25.916385 43.587834 29.836659
v 26.175204 43.587834 29.802585
v 25.209278 42.815554 25.172441
v 25.209278 42.105839 25.496557
v 25.209278 41.516187 26.007493
v 25.209278 41.094368 26.663857
v 25.209278 40.874554 27.412474
v 25.209278 40.874554 28.192696
v 25.209278 41.094368 28.941313
v 25.209278 41.516187 29.597677
v 25.209278 42.105839 30.108613
v 25.209278 42.815554 30.432729
v 25.309179 42.883502 25.403852
v 25.309179 42.236232 25.699451
v 25.309179 41.698460 26.165433
v 25.309179 41.313754 26.764047
v 25.309179 41.113280 27.446798
v 25.309179 41.113280 28.158372
v 25.309179 41.313754 28.841122
v 25.309179 41.698460 29.439737
v 25.309179 42.236232 29.905719
v 25.309179 42.883502 30.201317
v 25.468097 42.941851 25.602570
v 25.468097 42.348202 25.873680
v 25.468097 41.854981 26.301059
v 25.468097 41.502145 26.850083
v 25.468097 41.318279 27.476272
v 25.468097 41.318279 28.128898
v 25.468097 41.502145 28.755087
v 25.468097 41.854981 29.304111
v 25.468097 42.348202 29.731489
v 25.468097 42.941851 30.002600
v 25.675204 42.986624 25.755051
v 25.675204 42.434120 26.007371
v 25.675204 41.975083 26.405129
v 25.675204 41.646702 26.916100
v 25.675204 41.475580 27.498889
v 25.675204 41.475580 28.106281
v 25.675204 41.646702 28.689070
v 25.675204 41.975083 29.200041
v 25.675204 42.434120 29.597799
v 25.675204 42.986624 29.850119
v 25.916385 43.014769 25.850905
v 25.916385 42.488130 26.091413
v 25.916385 42.050583 26.470550
v 25.916385 41.737575 26.957600
v 25.916385 41.574463 27.513106
v 25.916385 41.574463 28.092064
v 25.916385 41.737575 28.647570
v 25.916385 42.050583 29.134620
v 25.916385 42.488130 29.513757
v 25.916385 43.014769 29.754265
v 26.175204 44.151299 29.721571
v 26.175204 44.669115 29.485092
v 26.175204 45.099333 29.112306
v 26.175204 45.407098 28.633415
v 26.175204 45.567477 28.087215
v 26.175204 45.567477 27.517955
v 26.175204 45.407098 26.971755
v 26.175204 45.099333 26.492863
v 26.175204 44.669115 26.120078
v 26.175204 44.151299 25.883599
v 25.209278 44.360114 30.432729
v 25.209278 45.069828 30.108613
v 25.209278 45.659480 29.597677
v 25.209278 46.081300 28.941313
v 25.209278 46.301113 28.192696
v 25.209278 46.301113 27.412474
v 25.209278 46.081300 26.663857
v 25.209278 45.659480 26.007493
v 25.209278 45.069828 25.496557
v 25.209278 44.360114 25.172441
v 25.309179 44.292165 30.201317
v 25.309179 44.939436 29.905719
v 25.309179 45.477208 29.439737
v 25.309179 45.861914 28.841122
v 25.309179 46.062387 28.158372
v 25.309179 46.062387 27.446798
v 25.309179 45.861914 26.764047
v 25.309179 45.477208 26.165433
v 25.309179 44.939436 25.699451
v 25.309179 44.292165 25.403852
v 25.468097 44.233816 30.002600
v 25.468097 44.827465 29.731489
v 25.468097 45.320687 29.304111
v 25.468097 45.673523 28.755087
v 25.468097 45.857389 28.128898
v 25.468097 45.857389 27.476272
v 25.468097 45.673523 26.850083
v 25.468097 45.320687 26.301059
v 25.468097 44.827465 25.873680
v 25.468097 44.233816 25.602570
v 25.675204 44.189044 29.850119
v 25.675204 44.741547 29.597799
v 25.675204 45.200584 29.200041
v 25.675204 45.528965 28.689070
v 25.675204 45.700087 28.106281
v 25.675204 45.700087 27.498889
v 25.675204 45.528965 26.916100
v 25.675204 45.200584 26.405129
v 25.675204 44.741547 26.007371
v 25.675204 44.189044 25.755051
v 25.916385 44.160899 29.754265
v 25.916385 44.687537 29.513757
v 25.916385 45.125084 29.134620
v 25.916385 45.438093 28.647570
v 25.916385 45.601204 28.092064
v 25.916385 45.601204 27.513106
v 25.916385 45.438093 26.957600
v 25.916385 45.125084 26.470550
v 25.916385 44.687537 26.091413
v 25.916385 44.160899 25.850905
v 36.675204 43.872463 29.782228
v 36.675204 44.151299 29.721571
v 36.675204 44.669115 29.485092
v 36.675204 44.418664 29.621849
v 36.675204 45.099333 29.112306
v 36.675204 44.897555 29.314084
v 36.675204 45.407098 28.633415
v 36.675204 45.270341 28.883867
v 36.675204 45.567477 28.087215
v 36.675204 45.506820 28.366050
v 36.675204 45.567477 27.517955
v 36.675204 45.587834 27.802585
v 36.675204 45.506820 27.239120
v 36.675204 45.407098 26.971755
v 36.675204 45.270341 26.721303
v 36.675204 45.099333 26.492863
v 36.675204 44.897555 26.291086
v 36.675204 44.669115 26.120078
v 36.675204 44.418664 25.983321
v 36.675204 44.151299 25.883599
v 36.675204 43.872463 25.822942
v 36.675204 43.587834 25.802585
v 36.675204 43.587834 29.802585
v 37.641130 40.846653 27.802585
v 37.675204 40.587834 27.802585
v 37.675204 40.709355 26.957387
v 37.675204 41.064073 26.180662
v 37.675204 41.623251 25.535336
v 37.675204 42.341589 25.073689
v 37.675204 43.160889 24.833121
v 37.675204 44.014778 24.833121
v 37.675204 44.834079 25.073689
v 37.675204 45.552416 25.535336
v 37.675204 46.111594 26.180662
v 37.675204 46.466313 26.957387
v 37.675204 46.587834 27.802585
v 37.541229 41.087834 27.802585
v 37.641130 46.329015 27.802585
v 37.382311 41.294940 27.802585
v 37.541229 46.087834 27.802585
v 37.175204 41.453859 27.802585
v 37.382311 45.880727 27.802585
v 36.934023 41.553759 27.802585
v 37.175204 45.721808 27.802585
v 36.675204 41.668848 27.239120
v 36.675204 41.608191 27.517955
v 36.675204 41.905327 26.721303
v 36.675204 41.768570 26.971755
v 36.675204 42.076335 26.492863
v 36.675204 42.278112 26.291086
v 36.675204 42.757004 25.983321
v 36.675204 42.506552 26.120078
v 36.675204 43.303204 25.822942
v 36.675204 43.024369 25.883599
v 36.934023 45.621908 27.802585
v 36.675204 41.587834 27.802585
v 37.641130 40.957690 27.030305
v 37.641130 41.281805 26.320591
v 37.641130 41.792742 25.730939
v 37.641130 42.449106 25.309119
v 37.641130 43.197723 25.089305
v 37.641130 43.977944 25.089305
v 37.641130 44.726561 25.309119
v 37.641130 45.382925 25.730939
v 37.641130 45.893862 26.320591
v 37.641130 46.217978 27.030305
v 37.541229 41.189101 27.098253
v 37.541229 41.484700 26.450983
v 37.541229 41.950682 25.913211
v 37.541229 42.549296 25.528505
v 37.541229 43.232047 25.328031
v 37.541229 43.943621 25.328031
v 37.541229 44.626371 25.528505
v 37.541229 45.224985 25.913211
v 37.541229 45.690967 26.450983
v 37.541229 45.986566 27.098253
v 37.382311 41.387819 27.156602
v 37.382311 41.658929 26.562953
v 37.382311 42.086308 26.069732
v 37.382311 42.635331 25.716896
v 37.382311 43.261521 25.533030
v 37.382311 43.914146 25.533030
v 37.382311 44.540336 25.716896
v 37.382311 45.089359 26.069732
v 37.382311 45.516738 26.562953
v 37.382311 45.787849 27.156602
v 37.175204 41.540300 27.201375
v 37.175204 41.792620 26.648871
v 37.175204 42.190377 26.189834
v 37.175204 42.701349 25.861453
v 37.175204 43.284137 25.690331
v 37.175204 43.891530 25.690331
v 37.175204 44.474319 25.861453
v 37.175204 44.985290 26.189834
v 37.175204 45.383047 26.648871
v 37.175204 45.635367 27.201375
v 36.934023 41.636154 27.229520
v 36.934023 41.876662 26.702881
v 36.934023 42.255798 26.265334
v 36.934023 42.742849 25.952326
v 36.934023 43.298355 25.789215
v 36.934023 43.877313 25.789215
v 36.934023 44.432819 25.952326
v 36.934023 44.919869 26.265334
v 36.934023 45.299006 26.702881
v 36.934023 45.539514 27.229520
v 36.675204 41.608191 28.087215
v 36.675204 41.668848 28.366050
v 36.675204 41.768570 28.633415
v 36.675204 42.076335 29.112306
v 36.675204 41.905327 28.883867
v 36.675204 42.278112 29.314084
v 36.675204 42.506552 29.485092
v 36.675204 42.757004 29.621849
v 36.675204 43.024369 29.721571
v 36.675204 43.303204 29.782228
v 37.675204 46.466313 28.647783
v 37.675204 46.111594 29.424507
v 37.675204 45.552416 30.069834
v 37.675204 44.834079 30.531481
v 37.675204 44.014778 30.772049
v 37.675204 43.160889 30.772049
v 37.675204 42.341589 30.531481
v 37.675204 41.623251 30.069834
v 37.675204 41.064073 29.424507
v 37.675204 40.709355 28.647783
v 37.641130 46.217978 28.574865
v 37.641130 45.893862 29.284579
v 37.641130 45.382925 29.874231
v 37.641130 44.726561 30.296051
v 37.641130 43.977944 30.515865
v 37.641130 43.197723 30.515865
v 37.641130 42.449106 30.296051
v 37.641130 41.792742 29.874231
v 37.641130 41.281805 29.284579
v 37.641130 40.957690 28.574865
v 37.541229 45.986566 28.506916
v 37.541229 45.690967 29.154187
v 37.541229 45.224985 29.691959
v 37.541229 44.626371 30.076665
v 37.541229 43.943621 30.277138
v 37.541229 43.232047 30.277138
v 37.541229 42.549296 30.076665
v 37.541229 41.950682 29.691959
v 37.541229 41.484700 29.154187
v 37.541229 41.189101 28.506916
v 37.382311 45.787849 28.448568
v 37.382311 45.516738 29.042217
v 37.382311 45.089359 29.535438
v 37.382311 44.540336 29.888274
v 37.382311 43.914146 30.072140
v 37.382311 43.261521 30.072140
v 37.382311 42.635331 29.888274
v 37.382311 42.086308 29.535438
v 37.382311 41.658929 29.042217
v 37.382311 41.387819 28.448568
v 37.175204 45.635367 28.403795
v 37.175204 45.383047 28.956299
v 37.175204 44.985290 29.415335
v 37.175204 44.474319 29.743716
v 37.175204 43.891530 29.914839
v 37.175204 43.284137 29.914839
v 37.175204 42.701349 29.743716
v 37.175204 42.190377 29.415335
v 37.175204 41.792620 28.956299
v 37.175204 41.540300 28.403795
v 36.934023 45.539514 28.375650
v 36.934023 45.299006 28.902288
v 36.934023 44.919869 29.339836
v 36.934023 44.432819 29.652844
v 36.934023 43.877313 29.815955
v 36.934023 43.298355 29.815955
v 36.934023 42.742849 29.652844
v 36.934023 42.255798 29.339836
v 36.934023 41.876662 28.902288
v 36.934023 41.636154 28.375650
v 37.675204 47.367834 58.635131
v 37.675204 29.367834 58.635131
v 37.675204 47.367834 75.698903
v 37.675204 29.367834 75.698903
v 46.633826 29.367834 63.807394
v 43.972692 38.078517 62.270988
v 42.224759 38.983762 61.261818
v 43.644754 38.216032 62.081653
v 40.675506 40.226109 60.367357
v 41.533548 39.476062 60.862747
v 45.839928 37.537688 63.349037
v 39.398677 41.755428 59.630179
v 39.791394 41.215961 59.856914
v 38.448848 43.511104 59.081795
v 38.525534 43.332546 59.126070
v 37.863079 45.438531 58.743601
v 46.633826 37.422205 63.807394
v 41.078443 29.367834 77.582048
v 41.527168 39.480687 77.678863
v 41.188691 39.756764 77.608508
v 42.015074 39.123573 77.752100
v 42.883826 29.367834 77.802585
v 42.883826 38.590436 77.802585
v 39.127353 29.367834 76.794034
v 40.413557 40.492584 77.384094
v 39.787059 41.221518 77.133400
v 39.706135 41.326794 77.096132
v 41.074501 39.855648 77.581070
v 37.854158 45.484905 75.866076
v 37.707800 46.562721 75.730176
v 39.066252 42.280009 76.758290
v 38.520848 43.343182 76.402947
v 38.102085 44.477240 76.080556
v 47.453712 37.370317 64.355641
v 47.603729 29.367834 64.473990
v 49.064773 29.367834 66.054538
v 47.675204 37.367834 64.532602
v 50.016750 37.367834 67.984957
v 50.016750 29.367834 67.984957
v 50.381256 37.367834 70.106258
v 50.381256 29.367834 70.106258
v 50.128270 37.367834 72.243728
v 50.128270 29.367834 72.243728
v 49.278628 37.367834 74.221324
v 49.278628 29.367834 74.221324
v 47.902306 37.367834 75.876171
v 47.902306 29.367834 75.876171
v 47.675204 37.367834 76.072568
v 46.892137 37.398596 76.641626
v 46.112660 29.367834 77.071975
v 44.057085 29.367834 77.710247
v 46.112409 37.490751 77.072094
v 46.052327 37.500449 77.100423
v 46.001360 37.508969 77.123947
v 45.183943 37.683144 77.441175
v 43.642942 38.217036 77.764069
v 43.487431 38.287096 77.778256
v 44.298601 37.955443 77.667937
v 49.064773 37.367834 66.054538
v 42.883826 38.590436 67.452585
v 43.346018 38.353660 67.490312
v 42.243900 38.971832 67.525357
v 41.524697 39.483262 67.797536
v 41.649447 39.387480 67.733770
v 41.119161 39.816716 68.064627
v 41.033795 39.891682 68.134663
v 40.667173 40.234231 68.511232
v 40.355127 40.554830 68.987982
v 40.495647 40.406903 68.747240
v 40.144677 40.788182 69.515462
v 40.042673 40.906771 70.526971
v 40.033826 40.917303 70.302311
v 40.129285 40.805865 71.034023
v 40.051161 40.896744 69.988726
v 40.554420 40.347227 71.944646
v 40.494755 40.408167 71.856559
v 41.355510 39.617900 72.708151
v 41.033351 39.892020 72.470127
v 41.524276 39.483419 72.807405
v 40.928373 39.986759 72.375916
v 40.297608 40.617198 71.500072
v 41.943564 39.173511 72.993014
v 41.723654 39.331820 72.905756
v 42.584040 38.761206 73.136774
v 42.883826 38.590436 73.152585
v 43.496212 38.283050 73.086015
v 43.645549 38.215779 73.048906
v 44.080229 38.036413 72.889305
v 45.037217 37.722085 72.169510
v 44.734043 37.810163 72.470349
v 44.611806 37.848689 72.568989
v 45.392381 37.631759 71.655232
v 45.273662 37.660465 71.855384
v 45.629870 37.578922 71.065306
v 45.733826 37.558091 70.302557
v 45.690055 37.566611 69.805008
v 45.730779 37.558668 70.434346
v 45.513360 37.604031 69.203470
v 45.616395 37.581724 69.492913
v 45.227303 37.672070 68.680668
v 44.403601 37.918273 67.891613
v 44.733945 37.810194 68.134737
v 44.849882 37.775256 68.239304
v 43.645562 38.215773 67.556267
v 43.915326 38.101588 67.645799
v 44.041807 38.051293 67.698438
v 42.883826 29.367834 73.152585
v 43.255826 29.367834 73.128203
v 44.043026 29.367834 72.906189
v 44.734753 29.367834 72.469742
v 45.274038 29.367834 71.854806
v 45.616463 29.367834 71.112029
v 45.733826 29.367834 70.302585
v 45.616463 29.367834 69.493141
v 45.274038 29.367834 68.750364
v 44.734753 29.367834 68.135428
v 44.043026 29.367834 67.698980
v 43.255826 29.367834 67.476967
v 42.883826 29.367834 67.452585
v 42.511827 29.367834 67.476967
v 41.724627 29.367834 67.698980
v 41.032899 29.367834 68.135428
v 40.493615 29.367834 68.750364
v 40.151190 29.367834 69.493141
v 40.033826 29.367834 70.302585
v 40.151190 29.367834 71.112029
v 40.493615 29.367834 71.854806
v 41.032899 29.367834 72.469742
v 41.724627 29.367834 72.906189
v 42.511827 29.367834 73.128203
v 6.675204 37.367834 57.802585
v 6.675204 31.117834 74.302585
v 6.675204 29.367834 74.302585
v 6.675204 31.117834 57.802585
v 18.675204 31.117834 74.302585
v 18.675204 37.367834 57.802585
v 18.675204 31.117834 57.802585
v 18.675204 29.367834 74.302585
v 34.072937 31.117834 74.302585
v 34.072937 29.367834 74.302585
v 34.072937 31.117834 31.302585
v 34.072937 29.367834 31.302585
v -8.927063 31.117834 74.302585
v -8.927063 31.117834 31.302585
v -8.927063 29.367834 74.302585
v -8.927063 29.367834 31.302585
v 14.113764 29.367834 15.200157
v 11.032111 29.367834 15.200157
v 9.751946 29.367834 12.396988
v 15.165388 29.367834 13.986518
v 15.393928 29.367834 13.208182
v 14.726824 29.367834 14.668938
v 9.751946 29.367834 13.208182
v 14.726824 29.367834 10.936232
v 15.393928 29.367834 12.396988
v 12.572937 29.367834 15.652585
v 9.980486 29.367834 13.986518
v 10.419051 29.367834 14.668938
v 9.980486 29.367834 11.618652
v 14.113764 29.367834 10.405012
v 13.375875 29.367834 10.068030
v 15.165388 29.367834 11.618652
v 13.375875 29.367834 15.537140
v 11.032111 29.367834 10.405012
v 10.419051 29.367834 10.936232
v 12.572937 29.367834 9.952585
v 11.770000 29.367834 15.537140
v 11.770000 29.367834 10.068030
v 13.375875 37.367834 10.068030
v 12.572937 37.367834 9.952585
v 14.113764 37.367834 10.405012
v 14.726824 37.367834 10.936232
v 15.165388 37.367834 11.618652
v 15.393928 37.367834 12.396988
v 15.393928 37.367834 13.208182
v 15.165388 37.367834 13.986518
v 14.726824 37.367834 14.668938
v 14.113764 37.367834 15.200157
v 13.375875 37.367834 15.537140
v 12.572937 37.367834 15.652585
v 11.770000 37.367834 15.537140
v 11.032111 37.367834 15.200157
v 10.419051 37.367834 14.668938
v 9.980486 37.367834 13.986518
v 9.751946 37.367834 13.208182
v 9.751946 37.367834 12.396988
v 9.980486 37.367834 11.618652
v 10.419051 37.367834 10.936232
v 11.032111 37.367834 10.405012
v 11.770000 37.367834 10.068030
v 17.675204 37.367834 57.802585
v 7.675204 37.367834 57.802585
v 7.675204 37.367834 82.802585
v 17.675204 37.367834 82.802585
v 7.675204 33.367834 57.802585
v 17.675204 33.367834 57.802585
v 7.675204 41.867834 82.802585
v 17.675204 41.867834 82.802585
v 7.675204 41.867834 84.802585
v 17.675204 41.867834 84.802585
v 7.675204 33.367834 96.002585
v 7.675204 35.367834 96.002585
v 17.675204 35.367834 96.002585
v 17.675204 33.367834 96.002585
v 24.072937 13.751731 69.961444
v 24.072937 13.117833 70.052585
v 20.072937 13.117833 70.052585
v 24.072937 14.334275 69.695405
v 20.072937 13.751731 69.961444
v 24.072937 14.818269 69.276021
v 20.072937 14.334275 69.695405
v 24.072937 15.164505 68.737269
v 20.072937 14.818269 69.276021
v 24.072937 15.344931 68.122793
v 20.072937 15.164505 68.737269
v 24.072937 15.344931 67.482376
v 20.072937 15.344931 68.122793
v 24.072937 15.164505 66.867901
v 20.072937 15.344931 67.482376
v 24.072937 14.818269 66.329148
v 20.072937 15.164505 66.867901
v 24.072937 14.334275 65.909764
v 20.072937 14.818269 66.329148
v 24.072937 13.751731 65.643726
v 20.072937 14.334275 65.909764
v 24.072937 13.117833 65.552585
v 20.072937 13.751731 65.643726
v 20.072937 13.117833 65.552585
v 24.072937 12.483935 65.643726
v 24.072937 11.901391 65.909764
v 20.072937 12.483935 65.643726
v 24.072937 11.417396 66.329148
v 20.072937 11.901391 65.909764
v 24.072937 11.071161 66.867901
v 20.072937 11.417396 66.329148
v 24.072937 10.890735 67.482376
v 20.072937 11.071161 66.867901
v 24.072937 10.890735 68.122793
v 20.072937 10.890735 67.482376
v 24.072937 11.071161 68.737269
v 20.072937 10.890735 68.122793
v 24.072937 11.417396 69.276021
v 20.072937 11.071161 68.737269
v 24.072937 11.901391 69.695405
v 20.072937 11.417396 69.276021
v 24.072937 12.483935 69.961444
v 20.072937 11.901391 69.695405
v 20.072937 12.483935 69.961444
v 24.072937 4.628269 69.276021
v 24.072937 4.974505 68.737269
v 24.072937 -6.882167 74.302585
v 24.072937 -6.882167 31.302585
v 24.072937 0.881161 66.867901
v 24.072937 3.561731 69.961444
v 24.072937 4.144275 69.695405
v 24.072937 1.227396 66.329148
v 24.072937 0.700735 67.482376
v 24.072937 23.117833 74.302585
v 24.072937 2.927833 70.052585
v 24.072937 0.700735 68.122793
v 24.072937 4.974505 66.867901
v 24.072937 4.628269 66.329148
v 24.072937 2.293935 69.961444
v 24.072937 1.227396 69.276021
v 24.072937 1.711391 69.695405
v 24.072937 0.881161 68.737269
v 24.072937 21.367833 31.302585
v 24.072937 5.154931 68.122793
v 24.072937 21.367833 74.302585
v 24.072937 3.561731 65.643726
v 24.072937 2.927833 65.552585
v 24.072937 5.154931 67.482376
v 24.072937 23.117833 31.302585
v 24.072937 4.144275 65.909764
v 24.072937 2.293935 65.643726
v 24.072937 1.711391 65.909764
v 20.072937 -6.882167 31.302585
v 20.072937 -6.882167 74.302585
v 20.072937 2.927833 70.052585
v 20.072937 3.561731 69.961444
v 20.072937 4.144275 69.695405
v 20.072937 4.628269 69.276021
v 20.072937 4.974505 68.737269
v 20.072937 5.154931 68.122793
v 20.072937 5.154931 67.482376
v 20.072937 4.974505 66.867901
v 20.072937 4.628269 66.329148
v 20.072937 4.144275 65.909764
v 20.072937 3.561731 65.643726
v 20.072937 2.927833 65.552585
v 20.072937 2.293935 65.643726
v 20.072937 1.711391 65.909764
v 20.072937 1.227396 66.329148
v 20.072937 0.881161 66.867901
v 20.072937 0.700735 67.482376
v 20.072937 0.700735 68.122793
v 20.072937 0.881161 68.737269
v 20.072937 1.227396 69.276021
v 20.072937 1.711391 69.695405
v 20.072937 2.293935 69.961444
v 20.072937 21.367833 74.302585
v 20.072937 21.367833 31.302585
v 34.072937 23.117833 31.302585
v 34.072937 23.117833 74.302585
v 34.072937 21.367833 31.302585
v 34.072937 21.367833 74.302585
v 20.072937 23.117833 74.302585
v 20.072937 23.117833 31.302585
v 5.072937 23.117833 74.302585
v 5.072937 23.117833 31.302585
v 5.072937 21.367833 74.302585
v 5.072937 21.367833 31.302585
v 5.072937 4.974505 66.867901
v 5.072937 11.417396 66.329148
v 5.072937 11.071161 66.867901
v 5.072937 5.154931 67.482376
v 5.072937 4.144275 65.909764
v 5.072937 11.901391 65.909764
v 5.072937 4.628269 66.329148
v 5.072937 12.483935 65.643726
v 5.072937 15.164505 68.737269
v 5.072937 11.071161 68.737269
v 5.072937 4.628269 69.276021
v 5.072937 4.974505 68.737269
v 5.072937 15.344931 68.122793
v 5.072937 14.334275 69.695405
v 5.072937 14.818269 69.276021
v 5.072937 4.144275 69.695405
v 5.072937 12.483935 69.961444
v 5.072937 11.417396 69.276021
v 5.072937 13.117833 65.552585
v 5.072937 10.890735 67.482376
v 5.072937 10.890735 68.122793
v 5.072937 13.751731 65.643726
v 5.072937 13.117833 70.052585
v 5.072937 13.751731 69.961444
v 5.072937 11.901391 69.695405
v 5.072937 3.561731 65.643726
v 5.072937 2.927833 65.552585
v 5.072937 14.334275 65.909764
v 5.072937 15.344931 67.482376
v 5.072937 15.164505 66.867901
v 5.072937 5.154931 68.122793
v 5.072937 14.818269 66.329148
v 5.072937 -6.882167 74.302585
v 5.072937 -6.882167 31.302585
v 5.072937 0.881161 66.867901
v 5.072937 2.927833 70.052585
v 5.072937 1.227396 66.329148
v 5.072937 2.293935 65.643726
v 5.072937 1.711391 65.909764
v 5.072937 3.561731 69.961444
v 5.072937 0.881161 68.737269
v 5.072937 1.227396 69.276021
v 5.072937 0.700735 67.482376
v 5.072937 0.700735 68.122793
v 5.072937 1.711391 69.695405
v 5.072937 2.293935 69.961444
v 1.072937 -6.882167 31.302585
v 1.072937 21.367833 31.302585
v 1.072937 -6.882167 74.302585
v 1.072937 21.367833 74.302585
v 1.072937 13.751731 65.643726
v 1.072937 13.117833 65.552585
v 1.072937 14.334275 65.909764
v 1.072937 14.818269 66.329148
v 1.072937 15.164505 66.867901
v 1.072937 15.344931 67.482376
v 1.072937 15.344931 68.122793
v 1.072937 15.164505 68.737269
v 1.072937 14.818269 69.276021
v 1.072937 14.334275 69.695405
v 1.072937 13.751731 69.961444
v 1.072937 13.117833 70.052585
v 1.072937 3.561731 65.643726
v 1.072937 2.927833 65.552585
v 1.072937 4.144275 65.909764
v 1.072937 4.628269 66.329148
v 1.072937 4.974505 66.867901
v 1.072937 5.154931 67.482376
v 1.072937 5.154931 68.122793
v 1.072937 4.974505 68.737269
v 1.072937 4.628269 69.276021
v 1.072937 4.144275 69.695405
v 1.072937 3.561731 69.961444
v 1.072937 2.927833 70.052585
v 1.072937 2.293935 69.961444
v 1.072937 1.711391 69.695405
v 1.072937 1.227396 69.276021
v 1.072937 0.881161 68.737269
v 1.072937 0.700735 68.122793
v 1.072937 0.700735 67.482376
v 1.072937 0.881161 66.867901
v 1.072937 1.227396 66.329148
v 1.072937 1.711391 65.909764
v 1.072937 2.293935 65.643726
v 1.072937 12.483935 69.961444
v 1.072937 11.901391 69.695405
v 1.072937 11.417396 69.276021
v 1.072937 11.071161 68.737269
v 1.072937 10.890735 68.122793
v 1.072937 10.890735 67.482376
v 1.072937 11.071161 66.867901
v 1.072937 11.417396 66.329148
v 1.072937 11.901391 65.909764
v 1.072937 12.483935 65.643726
v 1.072937 23.117833 31.302585
v 1.072937 23.117833 74.302585
v -8.927063 23.117833 31.302585
v -8.927063 23.117833 74.302585
v -8.927063 21.367833 74.302585
v -8.927063 21.367833 31.302585
v 37.235864 21.367833 23.241925
v 37.474242 21.367833 23.552585
v 36.175204 21.367833 22.802585
v 36.563433 21.367833 22.853696
v 37.624093 21.367833 23.914356
v 36.925204 21.367833 23.003547
v -11.574796 21.367833 23.003547
v -11.213025 21.367833 22.853696
v -12.324796 21.367833 24.302585
v -12.273685 21.367833 23.914356
v 27.572937 21.367833 22.802585
v -11.885456 21.367833 23.241925
v -12.123834 21.367833 23.552585
v -10.824796 21.367833 22.802585
v -2.427063 21.367833 22.802585
v 25.347728 21.367833 22.551864
v 9.980486 21.367833 13.986518
v 5.391252 21.367833 19.037483
v -23.483285 21.367833 75.123492
v -24.624573 21.367833 73.273183
v -20.330403 21.367833 71.486518
v -25.187240 21.367833 71.173282
v -20.558943 21.367833 70.708182
v 23.234100 21.367833 21.812274
v 14.113764 21.367833 15.200157
v 14.726824 21.367833 14.668938
v 19.754622 21.367833 19.037483
v 3.807835 21.367833 20.620900
v 7.572937 21.367833 12.802585
v 7.775472 21.367833 11.393922
v 9.751946 21.367833 12.396988
v -25.124010 21.367833 69.000224
v -20.558943 21.367833 69.896988
v 17.823658 21.367833 15.027794
v 15.165388 21.367833 13.986518
v 15.393928 21.367833 13.208182
v 21.338039 21.367833 20.620900
v 1.911775 21.367833 21.812274
v -0.201853 21.367833 22.551864
v 9.751946 21.367833 13.208182
v 7.322216 21.367833 15.027794
v 6.582626 21.367833 17.141422
v -12.324796 21.367833 75.837552
v -14.916961 21.367833 70.708182
v -14.916961 21.367833 69.896988
v -13.987952 21.367833 76.797775
v -16.197126 21.367833 72.700157
v -24.440197 21.367833 66.936591
v -20.330403 21.367833 69.118652
v -23.193254 21.367833 65.155773
v -19.891838 21.367833 68.436232
v -21.487952 21.367833 63.807394
v -19.278778 21.367833 67.905012
v 15.847241 21.367833 9.023837
v 16.779205 21.367833 10.099381
v 14.726824 21.367833 10.936232
v 17.370402 21.367833 11.393922
v 17.572937 21.367833 12.802585
v 15.393928 21.367833 12.396988
v 18.563249 21.367833 17.141422
v 12.572937 21.367833 15.652585
v 10.419051 21.367833 14.668938
v 8.366670 21.367833 10.099381
v 9.980486 21.367833 11.618652
v 49.586071 21.367833 66.936591
v 45.476278 21.367833 69.118652
v 45.037713 21.367833 68.436232
v 50.269885 21.367833 69.000224
v 45.704818 21.367833 69.896988
v -12.324796 21.367833 58.517044
v -16.197126 21.367833 67.905012
v -16.935014 21.367833 67.568030
v -15.145501 21.367833 69.118652
v -15.584066 21.367833 68.436232
v -15.584066 21.367833 72.168938
v -15.796809 21.367833 77.547029
v -16.935014 21.367833 73.037140
v -17.737952 21.367833 77.802585
v -17.737952 21.367833 73.152585
v -19.888976 21.367833 77.487506
v -18.540890 21.367833 73.037140
v -17.737952 21.367833 67.452585
v 14.650012 21.367833 8.254425
v 14.113764 21.367833 10.405012
v 13.375875 21.367833 10.068030
v 15.165388 21.367833 11.618652
v 37.675204 21.367833 24.302585
v 13.375875 21.367833 15.537140
v 9.298634 21.367833 9.023837
v 11.032111 21.367833 10.405012
v 10.419051 21.367833 10.936232
v -10.824796 21.367833 82.802585
v -12.123834 21.367833 82.052585
v -12.273685 21.367833 81.690813
v 48.339129 21.367833 65.155773
v 44.424653 21.367833 67.905012
v 50.333114 21.367833 71.173282
v 45.704818 21.367833 70.708182
v 49.770447 21.367833 73.273183
v 45.476278 21.367833 71.486518
v 48.629160 21.367833 75.123492
v 45.037713 21.367833 72.168938
v 47.005144 21.367833 76.568743
v 44.424653 21.367833 72.700157
v 45.034851 21.367833 77.487506
v 43.686764 21.367833 73.037140
v 39.210716 21.367833 76.841565
v 41.343000 21.367833 72.700157
v 42.080889 21.367833 73.037140
v 37.675204 21.367833 75.698903
v 40.729940 21.367833 72.168938
v 40.291375 21.367833 71.486518
v -15.145501 21.367833 71.486518
v -21.859269 21.367833 76.568743
v -19.278778 21.367833 72.700157
v -19.891838 21.367833 72.168938
v -18.540890 21.367833 67.568030
v 13.284511 21.367833 7.853478
v 12.572937 21.367833 9.952585
v 11.770000 21.367833 15.537140
v 11.032111 21.367833 15.200157
v -11.885456 21.367833 82.363245
v -11.213025 21.367833 82.751474
v -11.574796 21.367833 82.601623
v 36.175204 21.367833 82.802585
v 37.675204 21.367833 81.302585
v 37.624093 21.367833 81.690813
v 46.633826 21.367833 63.807394
v 43.686764 21.367833 67.568030
v 42.883826 21.367833 67.452585
v 42.883826 21.367833 77.802585
v 42.883826 21.367833 73.152585
v 40.985452 21.367833 77.558353
v 40.062835 21.367833 70.708182
v 37.675204 21.367833 58.635131
v 40.291375 21.367833 69.118652
v 41.343000 21.367833 67.905012
v 40.729940 21.367833 68.436232
v -12.324796 21.367833 81.302585
v 37.235864 21.367833 82.363245
v 36.925204 21.367833 82.601623
v 37.474242 21.367833 82.052585
v 40.062835 21.367833 69.896988
v 10.495862 21.367833 8.254425
v 11.770000 21.367833 10.068030
v 11.861363 21.367833 7.853478
v 42.080889 21.367833 67.568030
v 36.563433 21.367833 82.751474
v 17.572937 29.367833 12.802585
v 17.370402 29.367833 11.393922
v 16.779205 29.367833 10.099381
v 15.847241 29.367833 9.023837
v 14.650012 29.367833 8.254425
v 13.284511 29.367833 7.853478
v 11.861363 29.367833 7.853478
v 10.495862 29.367833 8.254425
v 9.298634 29.367833 9.023837
v 8.366670 29.367833 10.099381
v 7.775472 29.367833 11.393922
v 7.572937 29.367833 12.802585
v 37.675204 29.367833 24.302585
v 36.925204 29.367833 23.003547
v 36.563433 29.367833 22.853696
v -10.824796 29.367833 22.802585
v -12.123834 29.367833 23.552585
v -12.273685 29.367833 23.914356
v -24.440197 29.367833 66.936591
v -20.330403 29.367833 69.118652
v -19.891838 29.367833 68.436232
v -25.124010 29.367833 69.000224
v -20.558943 29.367833 69.896988
v 37.235864 29.367833 23.241925
v 37.624093 29.367833 23.914356
v -11.885456 29.367833 23.241925
v -11.213025 29.367833 22.853696
v -11.574796 29.367833 23.003547
v -25.187240 29.367833 71.173282
v -20.558943 29.367833 70.708182
v 37.474242 29.367833 23.552585
v -23.193254 29.367833 65.155773
v -19.278778 29.367833 67.905012
v -24.624573 29.367833 73.273183
v -20.330403 29.367833 71.486518
v 14.726824 29.367833 10.936232
v 15.165388 29.367833 11.618652
v 36.175204 29.367833 22.802585
v 37.675204 29.367833 58.635131
v -12.324796 29.367833 24.302585
v -12.324796 29.367833 75.837552
v -12.324796 29.367833 58.517044
v -14.916961 29.367833 69.896988
v -21.487952 29.367833 63.807394
v -18.540890 29.367833 67.568030
v -17.737952 29.367833 67.452585
v -23.483285 29.367833 75.123492
v -19.891838 29.367833 72.168938
v -2.427063 29.367833 22.802585
v 11.032111 29.367833 15.200157
v 10.419051 29.367833 14.668938
v 5.391252 29.367833 19.037483
v -14.916961 29.367833 70.708182
v -15.584066 29.367833 68.436232
v -15.145501 29.367833 69.118652
v -16.935014 29.367833 67.568030
v -16.197126 29.367833 67.905012
v -21.859269 29.367833 76.568743
v -19.278778 29.367833 72.700157
v -19.888976 29.367833 77.487506
v -18.540890 29.367833 73.037140
v 17.823658 29.367833 15.027794
v 19.754622 29.367833 19.037483
v 18.563249 29.367833 17.141422
v 27.572937 29.367833 22.802585
v 9.980486 29.367833 13.986518
v 7.322216 29.367833 15.027794
v -0.201853 29.367833 22.551864
v 42.883826 29.367833 77.802585
v 45.034851 29.367833 77.487506
v 43.686764 29.367833 73.037140
v 47.005144 29.367833 76.568743
v 44.424653 29.367833 72.700157
v 48.629160 29.367833 75.123492
v 49.770447 29.367833 73.273183
v 45.476278 29.367833 71.486518
v 50.333114 29.367833 71.173282
v 45.704818 29.367833 70.708182
v -15.796809 29.367833 77.547029
v -16.935014 29.367833 73.037140
v -17.737952 29.367833 73.152585
v -13.987952 29.367833 76.797775
v -16.197126 29.367833 72.700157
v -15.584066 29.367833 72.168938
v 21.338039 29.367833 20.620900
v 25.347728 29.367833 22.551864
v 13.375875 29.367833 10.068030
v 14.113764 29.367833 10.405012
v 10.419051 29.367833 10.936232
v 6.582626 29.367833 17.141422
v 1.911775 29.367833 21.812274
v 3.807835 29.367833 20.620900
v 45.037713 29.367833 72.168938
v 50.269885 29.367833 69.000224
v 45.704818 29.367833 69.896988
v 46.633826 29.367833 63.807394
v 42.883826 29.367833 67.452585
v 37.675204 29.367833 75.698903
v 40.062835 29.367833 70.708182
v 40.062835 29.367833 69.896988
v 39.210716 29.367833 76.841565
v 40.985452 29.367833 77.558353
v 42.080889 29.367833 73.037140
v 42.883826 29.367833 73.152585
v -15.145501 29.367833 71.486518
v 23.234100 29.367833 21.812274
v 12.572937 29.367833 9.952585
v 11.770000 29.367833 10.068030
v 11.032111 29.367833 10.405012
v 9.980486 29.367833 11.618652
v 9.751946 29.367833 12.396988
v 9.751946 29.367833 13.208182
v 49.586071 29.367833 66.936591
v 45.476278 29.367833 69.118652
v 48.339129 29.367833 65.155773
v 45.037713 29.367833 68.436232
v 44.424653 29.367833 67.905012
v 43.686764 29.367833 67.568030
v 41.343000 29.367833 67.905012
v 42.080889 29.367833 67.568030
v 40.291375 29.367833 71.486518
v 41.343000 29.367833 72.700157
v 40.729940 29.367833 68.436232
v 40.729940 29.367833 72.168938
v -17.737952 29.367833 77.802585
v 11.770000 29.367833 15.537140
v 40.291375 29.367833 69.118652
v 36.175204 29.367833 82.802585
v 37.474242 29.367833 82.052585
v 37.624093 29.367833 81.690813
v -10.824796 29.367833 82.802585
v -12.324796 29.367833 81.302585
v -12.273685 29.367833 81.690813
v 12.572937 29.367833 15.652585
v 37.235864 29.367833 82.363245
v 36.563433 29.367833 82.751474
v -11.885456 29.367833 82.363245
v -11.574796 29.367833 82.601623
v -11.213025 29.367833 82.751474
v -12.123834 29.367833 82.052585
v 13.375875 29.367833 15.537140
v 15.165388 29.367833 13.986518
v 14.726824 29.367833 14.668938
v 15.393928 29.367833 12.396988
v 15.393928 29.367833 13.208182
v 37.675204 29.367833 81.302585
v 36.925204 29.367833 82.601623
v 14.113764 29.367833 15.200157
v 30.072937 -105.822169 90.802585
v 30.072937 -105.822169 80.802585
v 26.072937 -105.822169 80.802585
v 26.072937 -105.822169 90.802585
v 30.072937 -131.822169 88.917585
v 30.072937 -131.822169 82.687585
v 30.072937 -131.822169 90.802585
v 30.072937 -131.822169 80.802585
v 26.072937 -113.322169 90.802585
v 26.072937 -113.322169 80.802585
v 23.572937 -113.322169 90.802585
v 23.572937 -113.322169 80.802585
v 23.572937 -110.072169 90.802585
v 23.572937 -110.072169 80.802585
v 21.772937 -110.072169 90.802585
v 21.772937 -110.072169 80.802585
v 21.772937 -124.072169 90.802585
v 21.772937 -124.072169 80.802585
v 23.572937 -124.072169 90.802585
v 23.572937 -124.072169 80.802585
v 23.572937 -120.822169 90.802585
v 23.572937 -120.822169 80.802585
v 26.072937 -120.822169 90.802585
v 26.072937 -131.822169 90.802585
v 26.072937 -120.822169 80.802585
v 26.072937 -131.822169 80.802585
v 26.072937 -134.362169 82.687585
v 26.072937 -134.362169 76.802585
v 26.072937 -134.362169 77.552585
v 26.072937 -131.822169 77.552585
v 26.072937 -134.362169 88.917585
v 26.072937 -134.362169 94.802585
v 26.072937 -131.822169 94.802585
v 26.072937 -131.822169 76.802585
v 111.072937 -134.362169 76.802585
v 105.779904 -134.362169 76.802585
v 105.779904 -131.822169 76.802585
v 90.072937 -131.822169 76.802585
v 90.072937 -134.362169 76.802585
v 81.486871 -131.822169 76.802585
v 81.486871 -134.362169 76.802585
v 70.072937 -131.822169 76.802585
v 70.072937 -134.362169 76.802585
v 58.473064 -131.822169 76.802585
v 58.473064 -134.362169 76.802585
v 50.072937 -131.822169 76.802585
v 50.072937 -134.362169 76.802585
v 34.766097 -131.822169 76.802585
v 34.766097 -134.362169 76.802585
v 111.072937 -131.822169 76.802585
v 111.072937 -134.362169 94.802585
v 111.072937 -134.362169 88.917585
v 111.072937 -131.822169 88.917585
v 111.072937 -131.822169 82.687585
v 111.072937 -134.362169 82.687585
v 111.072937 -131.822169 77.552585
v 111.072937 -134.362169 77.552585
v 111.072937 -131.822169 94.802585
v 34.766097 -134.362169 94.802585
v 34.766097 -131.822169 94.802585
v 50.072937 -131.822169 94.802585
v 50.072937 -134.362169 94.802585
v 58.473064 -131.822169 94.802585
v 58.473064 -134.362169 94.802585
v 70.072937 -131.822169 94.802585
v 70.072937 -134.362169 94.802585
v 81.486871 -131.822169 94.802585
v 81.486871 -134.362169 94.802585
v 90.072937 -131.822169 94.802585
v 90.072937 -134.362169 94.802585
v 105.779904 -131.822169 94.802585
v 105.779904 -134.362169 94.802585
v 49.072937 -131.822169 93.302585
v 49.072937 -131.822169 90.762585
v 34.766097 -131.822169 90.762585
v 31.072937 -131.822169 93.302585
v 31.072937 -131.822169 90.762585
v 34.766097 -131.822169 93.302585
v 109.072937 -131.822169 93.302585
v 109.072937 -131.822169 90.762585
v 105.779904 -131.822169 90.762585
v 91.072937 -131.822169 90.762585
v 91.072937 -131.822169 93.302585
v 105.779904 -131.822169 93.302585
v 49.072937 -131.822169 80.842585
v 49.072937 -131.822169 78.302585
v 34.766097 -131.822169 78.302585
v 31.072937 -131.822169 80.842585
v 31.072937 -131.822169 78.302585
v 34.766097 -131.822169 80.842585
v 69.072937 -131.822169 80.842585
v 69.072937 -131.822169 78.302585
v 58.473064 -131.822169 78.302585
v 51.072937 -131.822169 78.302585
v 51.072937 -131.822169 80.842585
v 58.473064 -131.822169 80.842585
v 102.486871 -131.822169 87.072585
v 102.486871 -131.822169 84.532585
v 90.072937 -131.822169 84.532585
v 84.486871 -131.822169 84.532585
v 84.486871 -131.822169 87.072585
v 90.072937 -131.822169 87.072585
v 69.072937 -131.822169 93.302585
v 69.072937 -131.822169 90.762585
v 58.473064 -131.822169 90.762585
v 51.072937 -131.822169 90.762585
v 51.072937 -131.822169 93.302585
v 58.473064 -131.822169 93.302585
v 89.072937 -131.822169 93.302585
v 89.072937 -131.822169 90.762585
v 81.486871 -131.822169 90.762585
v 71.072937 -131.822169 90.762585
v 71.072937 -131.822169 93.302585
v 81.486871 -131.822169 93.302585
v 78.486871 -131.822169 87.072585
v 78.486871 -131.822169 84.532585
v 70.072937 -131.822169 84.532585
v 60.486871 -131.822169 84.532585
v 60.486871 -131.822169 87.072585
v 70.072937 -131.822169 87.072585
v 56.459257 -131.822169 87.072585
v 56.459257 -131.822169 84.532585
v 50.072937 -131.822169 84.532585
v 38.459257 -131.822169 84.532585
v 38.459257 -131.822169 87.072585
v 50.072937 -131.822169 87.072585
v 109.072937 -131.822169 80.842585
v 109.072937 -131.822169 78.302585
v 105.779904 -131.822169 78.302585
v 91.072937 -131.822169 78.302585
v 91.072937 -131.822169 80.842585
v 105.779904 -131.822169 80.842585
v 89.072937 -131.822169 80.842585
v 89.072937 -131.822169 78.302585
v 81.486871 -131.822169 78.302585
v 71.072937 -131.822169 78.302585
v 71.072937 -131.822169 80.842585
v 81.486871 -131.822169 80.842585
v 34.766097 -131.822169 77.552585
v 50.072937 -131.822169 77.552585
v 58.473064 -131.822169 77.552585
v 70.072937 -131.822169 77.552585
v 81.486871 -131.822169 77.552585
v 90.072937 -131.822169 77.552585
v 105.779904 -131.822169 77.552585
v 105.779904 -131.822169 82.687585
v 105.779904 -131.822169 88.917585
v 34.766097 -131.822169 88.917585
v 50.072937 -131.822169 88.917585
v 90.072937 -131.822169 88.917585
v 34.766097 -131.822169 82.687585
v 50.072937 -131.822169 82.687585
v 58.473064 -131.822169 82.687585
v 70.072937 -131.822169 82.687585
v 90.072937 -131.822169 82.687585
v 81.486871 -131.822169 82.687585
v 81.486871 -131.822169 88.917585
v 70.072937 -131.822169 88.917585
v 58.473064 -131.822169 88.917585
v 71.072937 -134.362169 80.842585
v 71.072937 -134.362169 78.302585
v 81.486871 -134.362169 78.302585
v 89.072937 -134.362169 80.842585
v 81.486871 -134.362169 80.842585
v 89.072937 -134.362169 78.302585
v 91.072937 -134.362169 80.842585
v 91.072937 -134.362169 78.302585
v 105.779904 -134.362169 78.302585
v 109.072937 -134.362169 80.842585
v 105.779904 -134.362169 80.842585
v 109.072937 -134.362169 78.302585
v 38.459257 -134.362169 87.072585
v 38.459257 -134.362169 84.532585
v 50.072937 -134.362169 84.532585
v 56.459257 -134.362169 87.072585
v 56.459257 -134.362169 84.532585
v 50.072937 -134.362169 87.072585
v 60.486871 -134.362169 87.072585
v 60.486871 -134.362169 84.532585
v 70.072937 -134.362169 84.532585
v 78.486871 -134.362169 87.072585
v 78.486871 -134.362169 84.532585
v 70.072937 -134.362169 87.072585
v 71.072937 -134.362169 93.302585
v 71.072937 -134.362169 90.762585
v 81.486871 -134.362169 90.762585
v 89.072937 -134.362169 93.302585
v 89.072937 -134.362169 90.762585
v 81.486871 -134.362169 93.302585
v 51.072937 -134.362169 93.302585
v 51.072937 -134.362169 90.762585
v 58.473064 -134.362169 90.762585
v 69.072937 -134.362169 93.302585
v 69.072937 -134.362169 90.762585
v 58.473064 -134.362169 93.302585
v 31.072937 -134.362169 93.302585
v 31.072937 -134.362169 90.762585
v 34.766097 -134.362169 90.762585
v 49.072937 -134.362169 93.302585
v 49.072937 -134.362169 90.762585
v 34.766097 -134.362169 93.302585
v 84.486871 -134.362169 87.072585
v 84.486871 -134.362169 84.532585
v 90.072937 -134.362169 84.532585
v 102.486871 -134.362169 87.072585
v 90.072937 -134.362169 87.072585
v 102.486871 -134.362169 84.532585
v 51.072937 -134.362169 80.842585
v 51.072937 -134.362169 78.302585
v 58.473064 -134.362169 78.302585
v 69.072937 -134.362169 80.842585
v 58.473064 -134.362169 80.842585
v 69.072937 -134.362169 78.302585
v 31.072937 -134.362169 80.842585
v 31.072937 -134.362169 78.302585
v 34.766097 -134.362169 78.302585
v 49.072937 -134.362169 80.842585
v 34.766097 -134.362169 80.842585
v 49.072937 -134.362169 78.302585
v 91.072937 -134.362169 93.302585
v 91.072937 -134.362169 90.762585
v 105.779904 -134.362169 90.762585
v 109.072937 -134.362169 93.302585
v 109.072937 -134.362169 90.762585
v 105.779904 -134.362169 93.302585
v 105.779904 -134.362169 82.687585
v 105.779904 -134.362169 77.552585
v 90.072937 -134.362169 77.552585
v 81.486871 -134.362169 77.552585
v 70.072937 -134.362169 77.552585
v 58.473064 -134.362169 77.552585
v 50.072937 -134.362169 77.552585
v 34.766097 -134.362169 77.552585
v 34.766097 -134.362169 82.687585
v 34.766097 -134.362169 88.917585
v 81.486871 -134.362169 82.687585
v 70.072937 -134.362169 82.687585
v 90.072937 -134.362169 82.687585
v 50.072937 -134.362169 88.917585
v 50.072937 -134.362169 82.687585
v 58.473064 -134.362169 88.917585
v 58.473064 -134.362169 82.687585
v 70.072937 -134.362169 88.917585
v 81.486871 -134.362169 88.917585
v 90.072937 -134.362169 88.917585
v 105.779904 -134.362169 88.917585
v 14.923712 -168.036978 121.802587
v 14.472940 -167.972167 121.802587
v 14.472940 -167.972167 111.802587
v 15.337965 -168.226161 121.802587
v 14.923712 -168.036978 111.802587
v 15.682139 -168.524390 121.802587
v 15.337965 -168.226161 111.802587
v 15.928351 -168.907503 121.802587
v 15.682139 -168.524390 111.802587
v 16.056654 -169.344463 121.802587
v 15.928351 -168.907503 111.802587
v 16.056654 -169.799871 121.802587
v 16.056654 -169.344463 111.802587
v 15.928351 -170.236831 121.802587
v 16.056654 -169.799871 111.802587
v 15.682139 -170.619944 121.802587
v 15.928351 -170.236831 111.802587
v 15.337965 -170.918173 121.802587
v 15.682139 -170.619944 111.802587
v 14.923712 -171.107356 121.802587
v 15.337965 -170.918173 111.802587
v 14.472940 -171.172167 121.802587
v 14.923712 -171.107356 111.802587
v 14.472940 -171.172167 111.802587
v 14.022168 -171.107356 121.802587
v 13.607915 -170.918173 121.802587
v 14.022168 -171.107356 111.802587
v 13.263741 -170.619944 121.802587
v 13.607915 -170.918173 111.802587
v 13.017529 -170.236831 121.802587
v 13.263741 -170.619944 111.802587
v 12.889226 -169.799871 121.802587
v 13.017529 -170.236831 111.802587
v 12.889226 -169.344463 121.802587
v 12.889226 -169.799871 111.802587
v 13.017529 -168.907503 121.802587
v 12.889226 -169.344463 111.802587
v 13.263741 -168.524390 121.802587
v 13.017529 -168.907503 111.802587
v 13.607915 -168.226161 121.802587
v 13.263741 -168.524390 111.802587
v 14.022168 -168.036978 121.802587
v 13.607915 -168.226161 111.802587
v 14.022168 -168.036978 111.802587
v 19.572940 -179.572167 111.802587
v 0.572940 -179.572167 111.802587
v 0.572940 -139.572167 111.802587
v 19.572940 -127.072167 111.802587
v 5.572940 -127.072167 111.802587
v 5.572940 -139.572167 111.802587
v 19.572940 -127.072167 121.802587
v 19.572940 -179.572167 121.802587
v 5.572940 -139.572167 121.802587
v 5.572940 -127.072167 121.802587
v 0.572940 -139.572167 116.802587
v 0.572940 -179.572167 116.802587
v -24.427060 -139.572167 121.802587
v -24.427060 -139.572167 116.802587
v -24.427060 -179.572167 121.802587
v -24.427060 -179.572167 116.802587
v -3.943346 -169.344463 116.802587
v -4.071649 -168.907503 116.802587
v -3.943346 -169.799871 116.802587
v -7.110774 -169.799871 116.802587
v -6.982471 -170.236831 116.802587
v -6.982471 -168.907503 116.802587
v -7.110774 -169.344463 116.802587
v -4.317861 -170.619944 116.802587
v -4.071649 -170.236831 116.802587
v -6.736259 -168.524390 116.802587
v -4.317861 -168.524390 116.802587
v -4.662035 -168.226161 116.802587
v -6.736259 -170.619944 116.802587
v -6.392085 -170.918173 116.802587
v -5.076288 -171.107356 116.802587
v -4.662035 -170.918173 116.802587
v -5.977832 -171.107356 116.802587
v -5.977832 -168.036978 116.802587
v -6.392085 -168.226161 116.802587
v -5.527060 -171.172167 116.802587
v -5.076288 -168.036978 116.802587
v -5.527060 -167.972167 116.802587
v -5.076288 -168.036978 121.802587
v -5.527060 -167.972167 121.802587
v -4.662035 -168.226161 121.802587
v -4.317861 -168.524390 121.802587
v -4.071649 -168.907503 121.802587
v -3.943346 -169.344463 121.802587
v -3.943346 -169.799871 121.802587
v -4.071649 -170.236831 121.802587
v -4.317861 -170.619944 121.802587
v -4.662035 -170.918173 121.802587
v -5.076288 -171.107356 121.802587
v -5.527060 -171.172167 121.802587
v -5.977832 -171.107356 121.802587
v -6.392085 -170.918173 121.802587
v -6.736259 -170.619944 121.802587
v -6.982471 -170.236831 121.802587
v -7.110774 -169.799871 121.802587
v -7.110774 -169.344463 121.802587
v -6.982471 -168.907503 121.802587
v -6.736259 -168.524390 121.802587
v -6.392085 -168.226161 121.802587
v -5.977832 -168.036978 121.802587
v 3.372940 -110.072167 121.802587
v 3.372940 -124.072167 121.802587
v 21.772940 -124.072167 121.802587
v 4.776414 -127.072167 121.802587
v 1.572940 -124.072167 121.802587
v 21.772940 -110.072167 121.802587
v 20.369466 -107.072167 121.802587
v -0.927060 -120.822167 121.802587
v -0.927060 -127.072167 121.802587
v 4.776414 -107.072167 121.802587
v -0.398586 -107.072167 121.802587
v 1.572940 -110.072167 121.802587
v 20.369466 -127.072167 121.802587
v 25.544466 -127.072167 121.802587
v 23.572940 -124.072167 121.802587
v 26.072940 -113.322167 121.802587
v 26.072940 -107.072167 121.802587
v 23.572940 -110.072167 121.802587
v -0.927060 -107.072167 121.802587
v -0.927060 -113.322167 121.802587
v 1.572940 -113.322167 121.802587
v 1.572940 -120.822167 121.802587
v 26.072940 -127.072167 121.802587
v 26.072940 -120.822167 121.802587
v 23.572940 -120.822167 121.802587
v 23.572940 -113.322167 121.802587
v 23.572940 -110.072167 118.302587
v 23.572940 -113.322167 118.302587
v 21.772940 -110.072167 118.302587
v 21.772940 -124.072167 118.302587
v 23.572940 -124.072167 118.302587
v 23.572940 -120.822167 118.302587
v 1.572940 -110.072167 118.302587
v 3.372940 -110.072167 118.302587
v 1.572940 -113.322167 118.302587
v 1.572940 -124.072167 118.302587
v 1.572940 -120.822167 118.302587
v 3.372940 -124.072167 118.302587
v -0.927060 -113.322167 23.802587
v -0.927060 -107.072167 35.802587
v -0.927060 -107.072167 26.052587
v -0.927060 -107.072167 48.302587
v -0.927060 -107.072167 53.648031
v -0.927060 -107.072167 60.802587
v -0.927060 -107.072167 73.302587
v -0.927060 -107.072167 85.802587
v -0.927060 -107.072167 98.302587
v -0.927060 -107.072167 110.802587
v -0.927060 -107.072167 23.802587
v 26.072940 -107.072167 98.302587
v 26.072940 -107.072167 110.802587
v 26.072940 -107.072167 85.802587
v 26.072940 -107.072167 73.302587
v 26.072940 -113.322167 23.802587
v 26.072940 -107.072167 60.802587
v 26.072940 -107.072167 53.648031
v 26.072940 -107.072167 48.302587
v 26.072940 -107.072167 35.802587
v 26.072940 -107.072167 26.052587
v 26.072940 -107.072167 23.802587
v -0.927060 -127.072167 98.302587
v -0.927060 -127.072167 110.802587
v -0.927060 -127.072167 85.802587
v -0.927060 -127.072167 73.302587
v -0.927060 -120.822167 23.802587
v -0.927060 -127.072167 60.802587
v -0.927060 -127.072167 53.742749
v -0.927060 -127.072167 48.302587
v -0.927060 -127.072167 35.802587
v -0.927060 -127.072167 26.052587
v -0.927060 -127.072167 23.802587
v 26.072940 -120.822167 23.802587
v 26.072940 -127.072167 35.802587
v 26.072940 -127.072167 26.052587
v 26.072940 -127.072167 48.302587
v 26.072940 -127.072167 53.742749
v 26.072940 -127.072167 60.802587
v 26.072940 -127.072167 73.302587
v 26.072940 -127.072167 85.802587
v 26.072940 -127.072167 98.302587
v 26.072940 -127.072167 110.802587
v 26.072940 -127.072167 23.802587
v 0.129888 -113.322167 118.302587
v 0.129888 -107.072167 118.302587
v 4.479888 -107.072167 118.302587
v 4.479888 -127.072167 118.302587
v 0.129888 -127.072167 118.302587
v 0.129888 -120.822167 118.302587
v 0.129888 -113.322167 115.802587
v 0.129888 -107.072167 115.802587
v 0.129888 -127.072167 115.802587
v 0.129888 -120.822167 115.802587
v 4.479888 -107.072167 115.802587
v 4.479888 -127.072167 115.802587
v 25.015993 -120.822167 118.302587
v 25.015993 -127.072167 118.302587
v 20.665993 -127.072167 118.302587
v 20.665993 -107.072167 118.302587
v 25.015993 -107.072167 118.302587
v 25.015993 -113.322167 118.302587
v 25.015993 -107.072167 115.802587
v 25.015993 -113.322167 115.802587
v 25.015993 -127.072167 115.802587
v 25.015993 -120.822167 115.802587
v 20.665993 -107.072167 115.802587
v 20.665993 -127.072167 115.802587
v 1.572940 -124.072167 115.802587
v 3.372940 -124.072167 115.802587
v 3.372940 -110.072167 115.802587
v 1.572940 -110.072167 115.802587
v 1.572940 -113.322167 115.802587
v 1.572940 -120.822167 115.802587
v 1.572940 -110.072167 105.802587
v 3.372940 -110.072167 105.802587
v 1.572940 -113.322167 105.802587
v 1.572940 -124.072167 105.802587
v 1.572940 -120.822167 105.802587
v 3.372940 -124.072167 105.802587
v 0.129888 -113.322167 105.802587
v 0.129888 -107.072167 105.802587
v 4.479888 -107.072167 105.802587
v 4.479888 -127.072167 105.802587
v 0.129888 -127.072167 105.802587
v 0.129888 -120.822167 105.802587
v 0.129888 -113.322167 103.302587
v 0.129888 -107.072167 103.302587
v 0.129888 -127.072167 103.302587
v 0.129888 -120.822167 103.302587
v 4.479888 -107.072167 103.302587
v 4.479888 -127.072167 103.302587
v 1.572940 -124.072167 103.302587
v 3.372940 -124.072167 103.302587
v 3.372940 -110.072167 103.302587
v 1.572940 -110.072167 103.302587
v 1.572940 -113.322167 103.302587
v 1.572940 -120.822167 103.302587
v 1.572940 -110.072167 93.302587
v 3.372940 -110.072167 93.302587
v 1.572940 -113.322167 93.302587
v 1.572940 -120.822167 93.302587
v 1.572940 -124.072167 93.302587
v 3.372940 -124.072167 93.302587
v 0.129888 -113.322167 93.302587
v 0.129888 -107.072167 93.302587
v 4.479888 -107.072167 93.302587
v 4.479888 -127.072167 93.302587
v 0.129888 -127.072167 93.302587
v 0.129888 -120.822167 93.302587
v 0.129888 -113.322167 90.802587
v 0.129888 -107.072167 90.802587
v 0.129888 -127.072167 90.802587
v 0.129888 -120.822167 90.802587
v 4.479888 -107.072167 90.802587
v 4.479888 -127.072167 90.802587
v 1.572940 -124.072167 90.802587
v 3.372940 -124.072167 90.802587
v 3.372940 -110.072167 90.802587
v 1.572940 -110.072167 90.802587
v 1.572940 -113.322167 90.802587
v 1.572940 -120.822167 90.802587
v 1.572940 -110.072167 80.802587
v 3.372940 -110.072167 80.802587
v 1.572940 -113.322167 80.802587
v 1.572940 -120.822167 80.802587
v 1.572940 -124.072167 80.802587
v 3.372940 -124.072167 80.802587
v 0.129888 -113.322167 80.802587
v 0.129888 -107.072167 80.802587
v 4.479888 -107.072167 80.802587
v 4.479888 -127.072167 80.802587
v 0.129888 -127.072167 80.802587
v 0.129888 -120.822167 80.802587
v 0.129888 -113.322167 78.302587
v 0.129888 -107.072167 78.302587
v 0.129888 -127.072167 78.302587
v 0.129888 -120.822167 78.302587
v 4.479888 -107.072167 78.302587
v 4.479888 -127.072167 78.302587
v 1.572940 -124.072167 78.302587
v 3.372940 -124.072167 78.302587
v 3.372940 -110.072167 78.302587
v 1.572940 -110.072167 78.302587
v 1.572940 -113.322167 78.302587
v 1.572940 -120.822167 78.302587
v 1.572940 -110.072167 68.302587
v 3.372940 -110.072167 68.302587
v 1.572940 -113.322167 68.302587
v 1.572940 -120.822167 68.302587
v 1.572940 -124.072167 68.302587
v 3.372940 -124.072167 68.302587
v 0.129888 -113.322167 68.302587
v 0.129888 -107.072167 68.302587
v 4.479888 -107.072167 68.302587
v 4.479888 -127.072167 68.302587
v 0.129888 -127.072167 68.302587
v 0.129888 -120.822167 68.302587
v 0.129888 -113.322167 65.802587
v 0.129888 -107.072167 65.802587
v 0.129888 -127.072167 65.802587
v 0.129888 -120.822167 65.802587
v 4.479888 -107.072167 65.802587
v 4.479888 -127.072167 65.802587
v 1.572940 -124.072167 65.802587
v 3.372940 -124.072167 65.802587
v 3.372940 -110.072167 65.802587
v 1.572940 -110.072167 65.802587
v 1.572940 -113.322167 65.802587
v 1.572940 -120.822167 65.802587
v 1.572940 -110.072167 55.802587
v 3.372940 -110.072167 55.802587
v 1.572940 -113.322167 55.802587
v 1.572940 -124.072167 55.802587
v 1.572940 -120.822167 55.802587
v 3.372940 -124.072167 55.802587
v 0.129888 -113.322167 55.802587
v 0.129888 -107.072167 55.802587
v 4.479888 -107.072167 55.802587
v 4.479888 -127.072167 55.802587
v 0.129888 -127.072167 55.802587
v 0.129888 -120.822167 55.802587
v 0.129888 -113.322167 53.302587
v 0.129888 -107.072167 53.648031
v 0.129888 -107.072167 53.302587
v 0.129888 -127.072167 53.742749
v 0.129888 -120.822167 53.302587
v 0.129888 -127.072167 53.302587
v 4.479888 -107.072167 53.648031
v 4.479888 -127.072167 53.742749
v 4.479888 -127.072167 53.302587
v 4.479888 -107.072167 53.302587
v 1.572940 -124.072167 53.302587
v 3.372940 -124.072167 53.302587
v 3.372940 -110.072167 53.302587
v 1.572940 -110.072167 53.302587
v 1.572940 -113.322167 53.302587
v 1.572940 -120.822167 53.302587
v 1.572940 -110.072167 43.302587
v 3.372940 -110.072167 43.302587
v 1.572940 -113.322167 43.302587
v 1.572940 -120.822167 43.302587
v 1.572940 -124.072167 43.302587
v 3.372940 -124.072167 43.302587
v 0.129888 -113.322167 43.302587
v 0.129888 -107.072167 43.302587
v 4.479888 -107.072167 43.302587
v 4.479888 -127.072167 43.302587
v 0.129888 -127.072167 43.302587
v 0.129888 -120.822167 43.302587
v 0.129888 -113.322167 40.802587
v 0.129888 -107.072167 40.802587
v 0.129888 -127.072167 40.802587
v 0.129888 -120.822167 40.802587
v 4.479888 -107.072167 40.802587
v 4.479888 -127.072167 40.802587
v 0.129888 -113.322167 30.802587
v 0.129888 -113.322167 28.302587
v 1.572940 -113.322167 40.802587
v 1.572940 -113.322167 23.802587
v 1.572940 -113.322167 28.302587
v 1.572940 -113.322167 30.802587
v 0.129888 -107.072167 28.302587
v 0.129888 -107.072167 30.802587
v 1.572940 -110.072167 23.802587
v 1.572940 -110.072167 28.302587
v 3.372940 -110.072167 23.802587
v 3.372940 -110.072167 28.302587
v 1.572940 -110.072167 40.802587
v 1.572940 -110.072167 30.802587
v 3.372940 -110.072167 40.802587
v 3.372940 -110.072167 30.802587
v 3.372940 -124.072167 23.802587
v 3.372940 -124.072167 28.302587
v 1.572940 -124.072167 23.802587
v 1.572940 -124.072167 28.302587
v 1.572940 -120.822167 23.802587
v 1.572940 -120.822167 28.302587
v 3.372940 -124.072167 30.802587
v 3.372940 -124.072167 40.802587
v 1.572940 -124.072167 40.802587
v 1.572940 -120.822167 40.802587
v 1.572940 -124.072167 30.802587
v 1.572940 -120.822167 30.802587
v 0.129888 -120.822167 28.302587
v 0.129888 -120.822167 30.802587
v 0.129888 -127.072167 30.802587
v 0.129888 -127.072167 28.302587
v 4.479888 -107.072167 30.802587
v 4.479888 -127.072167 30.802587
v 4.479888 -127.072167 28.302587
v 4.479888 -107.072167 28.302587
v 20.369466 -127.072167 23.802587
v 21.772940 -124.072167 23.802587
v 23.572940 -124.072167 23.802587
v 21.772940 -110.072167 23.802587
v 25.544466 -127.072167 23.802587
v 4.776414 -107.072167 23.802587
v 4.776414 -127.072167 23.802587
v 20.369466 -107.072167 23.802587
v 23.572940 -110.072167 23.802587
v -0.398586 -107.072167 23.802587
v 23.572940 -113.322167 23.802587
v 23.572940 -120.822167 23.802587
v 23.572940 -113.322167 28.302587
v 23.572940 -110.072167 28.302587
v 21.772940 -110.072167 28.302587
v 21.772940 -124.072167 28.302587
v 23.572940 -124.072167 28.302587
v 23.572940 -120.822167 28.302587
v 25.015993 -113.322167 28.302587
v 25.015993 -107.072167 28.302587
v 20.665993 -107.072167 28.302587
v 20.665993 -127.072167 28.302587
v 25.015993 -127.072167 28.302587
v 25.015993 -120.822167 28.302587
v 25.015993 -113.322167 30.802587
v 25.015993 -107.072167 30.802587
v 25.015993 -127.072167 30.802587
v 25.015993 -120.822167 30.802587
v 20.665993 -107.072167 30.802587
v 20.665993 -127.072167 30.802587
v 23.572940 -110.072167 115.802587
v 21.772940 -110.072167 115.802587
v 21.772940 -124.072167 115.802587
v 23.572940 -124.072167 115.802587
v 23.572940 -120.822167 115.802587
v 23.572940 -113.322167 115.802587
v 23.572940 -110.072167 105.802587
v 23.572940 -113.322167 105.802587
v 21.772940 -110.072167 105.802587
v 21.772940 -124.072167 105.802587
v 23.572940 -124.072167 105.802587
v 23.572940 -120.822167 105.802587
v 25.015993 -120.822167 105.802587
v 25.015993 -127.072167 105.802587
v 20.665993 -127.072167 105.802587
v 20.665993 -107.072167 105.802587
v 25.015993 -107.072167 105.802587
v 25.015993 -113.322167 105.802587
v 25.015993 -107.072167 103.302587
v 25.015993 -113.322167 103.302587
v 25.015993 -127.072167 103.302587
v 25.015993 -120.822167 103.302587
v 20.665993 -107.072167 103.302587
v 20.665993 -127.072167 103.302587
v 23.572940 -110.072167 103.302587
v 21.772940 -110.072167 103.302587
v 21.772940 -124.072167 103.302587
v 23.572940 -124.072167 103.302587
v 23.572940 -120.822167 103.302587
v 23.572940 -113.322167 103.302587
v 23.572940 -110.072167 93.302587
v 23.572940 -113.322167 93.302587
v 21.772940 -110.072167 93.302587
v 21.772940 -124.072167 93.302587
v 23.572940 -124.072167 93.302587
v 23.572940 -120.822167 93.302587
v 25.015993 -120.822167 93.302587
v 25.015993 -127.072167 93.302587
v 20.665993 -127.072167 93.302587
v 20.665993 -107.072167 93.302587
v 25.015993 -107.072167 93.302587
v 25.015993 -113.322167 93.302587
v 25.015993 -107.072167 90.802587
v 25.015993 -113.322167 90.802587
v 25.015993 -127.072167 90.802587
v 25.015993 -120.822167 90.802587
v 20.665993 -107.072167 90.802587
v 20.665993 -127.072167 90.802587
v 23.572940 -110.072167 90.802587
v 21.772940 -110.072167 90.802587
v 21.772940 -124.072167 90.802587
v 23.572940 -124.072167 90.802587
v 23.572940 -120.822167 90.802587
v 23.572940 -113.322167 90.802587
v 23.572940 -110.072167 80.802587
v 23.572940 -113.322167 80.802587
v 21.772940 -110.072167 80.802587
v 21.772940 -124.072167 80.802587
v 23.572940 -124.072167 80.802587
v 23.572940 -120.822167 80.802587
v 25.015993 -120.822167 80.802587
v 25.015993 -127.072167 80.802587
v 20.665993 -127.072167 80.802587
v 20.665993 -107.072167 80.802587
v 25.015993 -107.072167 80.802587
v 25.015993 -113.322167 80.802587
v 25.015993 -107.072167 78.302587
v 25.015993 -113.322167 78.302587
v 25.015993 -127.072167 78.302587
v 25.015993 -120.822167 78.302587
v 20.665993 -107.072167 78.302587
v 20.665993 -127.072167 78.302587
v 23.572940 -110.072167 78.302587
v 21.772940 -110.072167 78.302587
v 21.772940 -124.072167 78.302587
v 23.572940 -124.072167 78.302587
v 23.572940 -120.822167 78.302587
v 23.572940 -113.322167 78.302587
v 23.572940 -110.072167 68.302587
v 23.572940 -113.322167 68.302587
v 21.772940 -110.072167 68.302587
v 21.772940 -124.072167 68.302587
v 23.572940 -124.072167 68.302587
v 23.572940 -120.822167 68.302587
v 25.015993 -120.822167 68.302587
v 25.015993 -127.072167 68.302587
v 20.665993 -127.072167 68.302587
v 20.665993 -107.072167 68.302587
v 25.015993 -107.072167 68.302587
v 25.015993 -113.322167 68.302587
v 25.015993 -107.072167 65.802587
v 25.015993 -113.322167 65.802587
v 25.015993 -127.072167 65.802587
v 25.015993 -120.822167 65.802587
v 20.665993 -107.072167 65.802587
v 20.665993 -127.072167 65.802587
v 23.572940 -110.072167 65.802587
v 21.772940 -110.072167 65.802587
v 21.772940 -124.072167 65.802587
v 23.572940 -124.072167 65.802587
v 23.572940 -120.822167 65.802587
v 23.572940 -113.322167 65.802587
v 23.572940 -110.072167 55.802587
v 23.572940 -113.322167 55.802587
v 21.772940 -110.072167 55.802587
v 21.772940 -124.072167 55.802587
v 23.572940 -124.072167 55.802587
v 23.572940 -120.822167 55.802587
v 25.015993 -120.822167 55.802587
v 25.015993 -127.072167 55.802587
v 20.665993 -127.072167 55.802587
v 20.665993 -107.072167 55.802587
v 25.015993 -107.072167 55.802587
v 25.015993 -113.322167 55.802587
v 25.015993 -107.072167 53.648031
v 25.015993 -113.322167 53.302587
v 25.015993 -107.072167 53.302587
v 25.015993 -120.822167 53.302587
v 25.015993 -127.072167 53.742749
v 25.015993 -127.072167 53.302587
v 20.665993 -127.072167 53.302587
v 20.665993 -107.072167 53.302587
v 20.665993 -107.072167 53.648031
v 20.665993 -127.072167 53.742749
v 25.015993 -113.322167 43.302587
v 25.015993 -113.322167 40.802587
v 23.572940 -113.322167 40.802587
v 23.572940 -113.322167 30.802587
v 23.572940 -113.322167 53.302587
v 23.572940 -113.322167 43.302587
v 25.015993 -107.072167 40.802587
v 25.015993 -107.072167 43.302587
v 23.572940 -110.072167 40.802587
v 23.572940 -110.072167 30.802587
v 23.572940 -110.072167 43.302587
v 23.572940 -110.072167 53.302587
v 21.772940 -110.072167 40.802587
v 21.772940 -110.072167 30.802587
v 21.772940 -110.072167 53.302587
v 21.772940 -110.072167 43.302587
v 21.772940 -124.072167 40.802587
v 21.772940 -124.072167 30.802587
v 23.572940 -124.072167 30.802587
v 23.572940 -120.822167 30.802587
v 23.572940 -124.072167 40.802587
v 23.572940 -120.822167 40.802587
v 21.772940 -124.072167 43.302587
v 21.772940 -124.072167 53.302587
v 23.572940 -124.072167 53.302587
v 23.572940 -120.822167 53.302587
v 23.572940 -124.072167 43.302587
v 23.572940 -120.822167 43.302587
v 25.015993 -120.822167 43.302587
v 25.015993 -120.822167 40.802587
v 25.015993 -127.072167 40.802587
v 25.015993 -127.072167 43.302587
v 20.665993 -127.072167 43.302587
v 20.665993 -107.072167 43.302587
v 20.665993 -107.072167 40.802587
v 20.665993 -127.072167 40.802587
v 5.072940 -127.072167 73.302587
v 5.072940 -127.072167 85.802587
v 20.072940 -127.072167 92.212587
v 5.072940 -127.072167 92.212587
v 20.072940 -127.072167 85.802587
v 20.072940 -127.072167 73.302587
v 20.072940 -127.072167 60.802587
v 20.072940 -127.072167 54.182910
v 5.072940 -127.072167 54.182910
v 5.072940 -127.072167 60.802587
v 25.544466 -127.072167 110.802587
v 20.369466 -127.072167 110.802587
v 4.776414 -127.072167 110.802587
v 25.544466 -127.072167 98.302587
v 20.369466 -127.072167 98.302587
v 4.776414 -127.072167 98.302587
v 25.544466 -127.072167 85.802587
v 20.369466 -127.072167 85.802587
v 4.776414 -127.072167 85.802587
v 25.544466 -127.072167 73.302587
v 20.369466 -127.072167 73.302587
v 4.776414 -127.072167 73.302587
v 25.544466 -127.072167 60.802587
v 20.369466 -127.072167 60.802587
v 4.776414 -127.072167 60.802587
v 25.544466 -127.072167 53.742749
v 25.544466 -127.072167 48.302587
v 20.369466 -127.072167 53.742749
v 4.776414 -127.072167 53.742749
v 4.776414 -127.072167 48.302587
v 25.544466 -127.072167 35.802587
v 20.369466 -127.072167 48.302587
v 20.369466 -127.072167 35.802587
v 4.776414 -127.072167 35.802587
v 25.544466 -127.072167 26.052587
v 20.369466 -127.072167 26.052587
v 4.776414 -127.072167 26.052587
v 5.072940 -143.997645 54.343224
v 20.072940 -143.997645 54.343224
v 20.072940 -144.214763 54.123091
v 5.072940 -144.214763 54.123091
v 20.072940 -144.893559 52.864411
v 5.072940 -144.893559 52.864411
v 20.072940 -146.193129 49.190689
v 5.072940 -146.193129 49.190689
v 20.072940 -149.285405 38.944272
v 5.072940 -149.285405 38.944272
v 20.072940 -151.946919 30.732046
v 5.072940 -151.946919 30.732046
v 20.072940 -153.370539 26.796110
v 5.072940 -153.370539 26.796110
v 20.072940 -155.715811 21.050583
v 5.072940 -155.715811 21.050583
v 20.072940 -157.991238 16.333574
v 5.072940 -157.991238 16.333574
v 20.072940 -160.203512 12.511948
v 5.072940 -160.203512 12.511948
v 20.072940 -162.351026 9.475616
v 5.072940 -162.351026 9.475616
v 20.072940 -164.435547 7.120057
v 5.072940 -164.435547 7.120057
v 20.072940 -166.463746 5.350831
v 5.072940 -166.463746 5.350831
v 20.072940 -168.449158 4.086805
v 5.072940 -168.449158 4.086805
v 20.072940 -170.573726 3.205897
v 5.072940 -170.573726 3.205897
v 20.072940 -172.822284 2.717517
v 5.072940 -172.822284 2.717517
v 20.072940 -175.226344 2.609751
v 5.072940 -175.226344 2.609751
v 20.072940 -177.821159 2.894045
v 5.072940 -177.821159 2.894045
v 20.072940 -180.640394 3.600905
v 5.072940 -180.640394 3.600905
v 20.072940 -183.713814 4.774630
v 5.072940 -183.713814 4.774630
v 20.072940 -184.613089 5.189131
v 5.072940 -184.613089 5.189131
v 20.072940 -188.169001 7.111328
v 5.072940 -188.169001 7.111328
v 20.072940 -191.887808 9.560036
v 5.072940 -191.887808 9.560036
v 20.072940 -195.884805 12.639382
v 5.072940 -195.884805 12.639382
v 20.072940 -200.495620 16.722006
v 5.072940 -200.495620 16.722006
v 20.072940 -204.823752 21.054160
v 5.072940 -204.823752 21.054160
v 20.072940 -209.104703 25.839068
v 5.072940 -209.104703 25.839068
v 20.072940 -213.007301 30.727947
v 5.072940 -213.007301 30.727947
v 20.072940 -216.082229 35.154960
v 5.072940 -216.082229 35.154960
v 20.072940 -216.971889 36.640253
v 5.072940 -216.971889 36.640253
v 20.072940 -231.978821 56.603223
v 5.072940 -231.978821 56.603223
v 20.072940 -234.780110 53.441703
v 5.072940 -238.010642 50.442430
v 5.072940 -234.780110 53.441703
v 20.072940 -241.666747 47.635388
v 5.072940 -241.666747 47.635388
v 20.072940 -245.629888 45.143769
v 5.072940 -245.629888 45.143769
v 20.072940 -249.769561 43.064627
v 5.072940 -249.769561 43.064627
v 20.072940 -253.957426 41.462843
v 5.072940 -253.957426 41.462843
v 20.072940 -258.084541 40.368163
v 5.072940 -258.084541 40.368163
v 20.072940 -262.070454 39.780891
v 5.072940 -262.070454 39.780891
v 20.072940 -265.864132 39.682115
v 5.072940 -265.864132 39.682115
v 20.072940 -269.331457 40.024907
v 5.072940 -269.331457 40.024907
v 20.072940 -272.750842 40.785840
v 5.072940 -272.750842 40.785840
v 20.072940 -276.183264 41.961688
v 5.072940 -276.183264 41.961688
v 20.072940 -279.687685 43.580895
v 5.072940 -279.687685 43.580895
v 20.072940 -283.255076 45.662344
v 5.072940 -283.255076 45.662344
v 20.072940 -286.866111 48.221118
v 5.072940 -286.866111 48.221118
v 20.072940 -290.485527 51.260833
v 5.072940 -290.485527 51.260833
v 20.072940 -294.057409 54.763819
v 5.072940 -294.057409 54.763819
v 20.072940 -297.499708 58.677679
v 5.072940 -297.499708 58.677679
v 20.072940 -300.632167 62.802587
v 5.072940 -300.632167 62.802587
v 20.072940 -238.010642 50.442430
v 20.072940 -296.679720 61.487908
v 5.072940 -296.679720 61.487908
v 20.072940 -290.722198 59.050347
v 5.072940 -290.722198 59.050347
v 20.072940 -286.226300 57.265659
v 5.072940 -286.226300 57.265659
v 20.072940 -282.742628 56.151510
v 5.072940 -282.742628 56.151510
v 20.072940 -279.597940 55.473661
v 5.072940 -279.597940 55.473661
v 20.072940 -276.532954 55.191936
v 5.072940 -276.532954 55.191936
v 20.072940 -273.197398 55.312398
v 5.072940 -273.197398 55.312398
v 20.072940 -269.840616 55.845804
v 5.072940 -269.840616 55.845804
v 20.072940 -266.396228 56.805525
v 5.072940 -266.396228 56.805525
v 20.072940 -262.937826 58.195960
v 5.072940 -262.937826 58.195960
v 20.072940 -259.558378 60.003696
v 5.072940 -259.558378 60.003696
v 20.072940 -256.367822 62.191095
v 5.072940 -256.367822 62.191095
v 20.072940 -253.480997 64.694586
v 5.072940 -253.480997 64.694586
v 20.072940 -251.194835 67.189384
v 5.072940 -251.194835 67.189384
v 20.072940 -250.708864 67.802587
v 5.072940 -250.708864 67.802587
v 5.072940 -256.706915 69.785903
v 20.072940 -262.307915 72.095089
v 5.072940 -262.307915 72.095089
v 20.072940 -267.441022 74.684435
v 5.072940 -267.441022 74.684435
v 20.072940 -272.138940 77.543534
v 5.072940 -272.138940 77.543534
v 20.072940 -276.432056 80.666930
v 5.072940 -276.432056 80.666930
v 20.072940 -280.347068 84.053839
v 5.072940 -280.347068 84.053839
v 20.072940 -283.906623 87.708141
v 5.072940 -283.906623 87.708141
v 20.072940 -287.128984 91.638265
v 5.072940 -287.128984 91.638265
v 20.072940 -290.027766 95.856990
v 5.072940 -290.027766 95.856990
v 20.072940 -292.611746 100.381142
v 5.072940 -292.611746 100.381142
v 20.072940 -294.884773 105.231253
v 5.072940 -294.884773 105.231253
v 20.072940 -296.632167 109.802587
v 5.072940 -296.632167 109.802587
v 20.072940 -256.706915 69.785903
v 20.072940 -293.423317 106.880635
v 5.072940 -293.423317 106.880635
v 20.072940 -290.067297 104.408316
v 5.072940 -290.067297 104.408316
v 20.072940 -286.612688 102.403074
v 5.072940 -286.612688 102.403074
v 20.072940 -283.059683 100.842917
v 5.072940 -283.059683 100.842917
v 20.072940 -279.403831 99.711572
v 5.072940 -279.403831 99.711572
v 20.072940 -275.637133 98.999738
v 5.072940 -275.637133 98.999738
v 20.072940 -271.749745 98.705697
v 5.072940 -271.749745 98.705697
v 20.072940 -267.730196 98.835163
v 5.072940 -267.730196 98.835163
v 20.072940 -264.804393 99.188685
v 5.072940 -264.804393 99.188685
v 20.072940 -262.638042 99.290204
v 5.072940 -262.638042 99.290204
v 20.072940 -260.500750 98.922284
v 5.072940 -260.500750 98.922284
v 20.072940 -258.493042 98.102228
v 5.072940 -258.493042 98.102228
v 20.072940 -237.632167 86.802587
v 5.072940 -237.632167 86.802587
v 20.072940 -235.610993 86.655921
v 5.072940 -235.610993 86.655921
v 20.072940 -233.632167 86.218995
v 5.072940 -233.632167 86.218995
v 20.072940 -233.632167 86.802587
v 5.072940 -233.632167 86.802587
v 20.072940 -216.809920 109.180382
v 5.072940 -216.809920 109.180382
v 20.072940 -215.547114 110.472273
v 5.072940 -215.547114 110.472273
v 20.072940 -213.995738 111.397961
v 5.072940 -213.995738 111.397961
v 20.072940 -212.259124 111.895788
v 5.072940 -212.259124 111.895788
v 20.072940 -210.452937 111.932599
v 5.072940 -210.452937 111.932599
v 20.072940 -208.697482 111.505939
v 5.072940 -208.697482 111.505939
v 20.072940 -158.632167 92.212587
v 5.072940 -158.632167 92.212587
v 5.072940 -107.072167 85.802587
v 5.072940 -107.072167 73.302587
v 5.072940 -107.072167 60.802587
v 20.072940 -107.072167 53.993475
v 5.072940 -107.072167 53.993475
v 20.072940 -107.072167 73.302587
v 20.072940 -107.072167 85.802587
v 20.072940 -107.072167 92.212587
v 5.072940 -107.072167 92.212587
v 20.072940 -107.072167 60.802587
v -0.398586 -107.072167 110.802587
v 4.776414 -107.072167 110.802587
v 20.369466 -107.072167 110.802587
v -0.398586 -107.072167 98.302587
v 4.776414 -107.072167 98.302587
v 20.369466 -107.072167 98.302587
v -0.398586 -107.072167 85.802587
v 4.776414 -107.072167 85.802587
v 20.369466 -107.072167 85.802587
v -0.398586 -107.072167 73.302587
v 4.776414 -107.072167 73.302587
v 20.369466 -107.072167 73.302587
v -0.398586 -107.072167 60.802587
v 4.776414 -107.072167 60.802587
v 20.369466 -107.072167 60.802587
v -0.398586 -107.072167 53.648031
v -0.398586 -107.072167 48.302587
v 4.776414 -107.072167 53.648031
v 20.369466 -107.072167 53.648031
v 20.369466 -107.072167 48.302587
v -0.398586 -107.072167 35.802587
v 4.776414 -107.072167 48.302587
v 4.776414 -107.072167 35.802587
v 20.369466 -107.072167 35.802587
v -0.398586 -107.072167 26.052587
v 4.776414 -107.072167 26.052587
v 20.369466 -107.072167 26.052587
v 20.072940 -105.697167 92.212587
v 5.072940 -105.697167 92.212587
v 5.072940 -94.572167 92.212587
v 20.072940 -94.572167 92.212587
v 5.072940 -79.572167 92.212587
v 20.072940 -79.572167 92.212587
v 5.072940 -64.572167 92.212587
v 20.072940 -64.572167 92.212587
v 5.072940 -49.572167 92.212587
v 20.072940 -49.572167 92.212587
v 5.072940 -41.320744 92.212587
v 20.072940 -41.320744 92.212587
v 20.072940 -31.786218 95.636563
v 20.072940 -29.817676 97.583689
v 5.072940 -29.817676 97.583689
v 20.072940 -34.077342 94.081826
v 5.072940 -31.786218 95.636563
v 20.072940 -36.613937 92.971806
v 20.072940 -34.554656 93.829396
v 5.072940 -34.554659 93.829394
v 5.072940 -34.077342 94.081826
v 20.072940 -39.310628 92.343863
v 5.072940 -36.613937 92.971806
v 20.072940 -28.632167 99.212587
v 5.072940 -28.632167 99.212587
v 5.072940 -39.310628 92.343863
v 20.072940 -19.572167 99.212587
v 5.072940 -19.572167 99.212587
v 5.072940 -4.572167 99.212587
v 20.072940 -4.572167 99.212587
v 5.072940 8.022833 99.212587
v 20.072940 8.022833 99.212587
v 5.072940 21.367833 99.212588
v 20.072940 21.367833 99.212588
v 20.072940 21.367833 42.357047
v 5.072940 21.367833 42.357047
v 5.072940 21.367833 19.161507
v 20.072940 21.367833 19.161507
v 5.072940 -28.632167 19.161507
v 5.072940 -19.572167 19.161507
v 20.072940 -19.572167 19.161507
v 20.072940 -4.572167 19.161507
v 5.072940 -4.572167 19.161507
v 20.072940 8.022833 19.161507
v 5.072940 8.022833 19.161507
v 20.072940 -28.632167 19.161507
v 20.072940 -28.632167 40.258699
v 5.072940 -28.632167 40.258699
v 20.072940 -28.959746 41.628517
v 5.072940 -28.959746 41.628517
v 20.072940 -29.748381 44.029556
v 5.072940 -29.748381 44.029556
v 5.072940 -30.855551 46.254500
v 20.072940 -32.373378 48.307262
v 5.072940 -32.373378 48.307262
v 20.072940 -34.225911 50.076159
v 5.072940 -34.225911 50.076159
v 5.072940 -36.336379 51.498798
v 5.072940 -34.555632 50.334096
v 20.072940 -34.555632 50.334096
v 20.072940 -38.661656 52.545075
v 5.072940 -38.661656 52.545075
v 5.072940 -41.114587 53.179732
v 20.072940 -43.632167 53.392587
v 5.072940 -43.632167 53.392587
v 20.072940 -41.114587 53.179732
v 20.072940 -36.336379 51.498798
v 20.072940 -30.855551 46.254500
v 20.072940 -49.572167 53.448850
v 5.072940 -49.572167 53.448850
v 5.072940 -64.572167 53.590926
v 20.072940 -64.572167 53.590926
v 5.072940 -79.572167 53.733002
v 20.072940 -79.572167 53.733002
v 5.072940 -94.572167 53.875078
v 20.072940 -94.572167 53.875078
v 5.072940 -105.697167 53.980452
v 20.072940 -105.697167 53.980452
v 20.072940 -194.791025 24.930645
v 20.072940 -185.129979 16.839814
v 20.072940 -187.871912 19.100682
v 20.072940 -150.183751 52.978776
v 20.072940 -150.542920 53.209600
v 20.072940 -156.761664 50.759915
v 20.072940 -158.128145 46.871972
v 20.072940 -182.619776 14.971401
v 20.072940 -159.457082 41.991952
v 20.072940 -201.762131 31.810921
v 20.072940 -204.803531 35.599823
v 20.072940 -198.541930 28.403922
v 20.072940 -160.841205 36.100335
v 20.072940 -163.561754 26.934601
v 20.072940 -162.290283 30.625088
v 20.072940 -144.913308 67.168689
v 20.072940 -148.937506 55.707672
v 20.072940 -148.578338 55.476848
v 20.072940 -180.430770 13.690347
v 20.072940 -178.627252 12.994463
v 20.072940 -166.768646 20.618408
v 20.072940 -168.592023 18.090822
v 20.072940 -165.033685 23.637682
v 20.072940 -131.751959 70.029686
v 20.072940 -131.137483 69.849259
v 20.072940 -148.121389 54.765823
v 20.072940 -148.060629 54.343224
v 20.072940 -132.392375 65.575489
v 20.072940 -144.822167 67.802587
v 20.072940 -130.598730 69.503024
v 20.072940 -132.392375 70.029686
v 20.072940 -133.006851 69.849259
v 20.072940 -133.964988 69.019029
v 20.072940 -146.751959 70.029686
v 20.072940 -131.751959 65.575489
v 20.072940 -149.347156 55.827956
v 20.072940 -177.030343 12.731342
v 20.072940 -175.448988 12.874437
v 20.072940 -170.379582 16.079302
v 20.072940 -133.545604 69.503024
v 20.072940 -147.392375 70.029686
v 20.072940 -134.231026 68.436486
v 20.072940 -144.913308 68.436486
v 20.072940 -149.231026 67.168689
v 20.072940 -148.964988 66.586146
v 20.072940 -158.632167 53.392587
v 20.072940 -148.298748 55.154185
v 20.072940 -131.137483 65.755915
v 20.072940 -172.316376 14.400595
v 20.072940 -130.179347 69.019029
v 20.072940 -148.545604 69.503024
v 20.072940 -148.006851 69.849259
v 20.072940 -145.179347 69.019029
v 20.072940 -148.545604 66.102151
v 20.072940 -130.598730 66.102151
v 20.072940 -173.905181 13.432050
v 20.072940 -148.964988 69.019029
v 20.072940 -145.598730 69.503024
v 20.072940 -146.137483 69.849259
v 20.072940 -133.545604 66.102151
v 20.072940 -133.964988 66.586146
v 20.072940 -148.006851 65.755915
v 20.072940 -146.751959 65.575489
v 20.072940 -147.392375 65.575489
v 20.072940 -129.913308 67.168689
v 20.072940 -130.179347 66.586146
v 20.072940 -149.774101 55.827956
v 20.072940 -145.179347 66.586146
v 20.072940 -155.123612 54.343224
v 20.072940 -150.542920 55.476848
v 20.072940 -149.231026 68.436486
v 20.072940 -133.006851 65.755915
v 20.072940 -145.598730 66.102151
v 20.072940 -146.137483 65.755915
v 20.072940 -129.822167 67.802587
v 20.072940 -150.183751 55.707672
v 20.072940 -149.774101 52.858492
v 20.072940 -149.347156 52.858492
v 20.072940 -148.121389 53.920625
v 20.072940 -134.231026 67.168689
v 20.072940 -134.322167 67.802587
v 20.072940 -149.322167 67.802587
v 20.072940 -150.822509 55.154185
v 20.072940 -148.578338 53.209600
v 20.072940 -148.937506 52.978776
v 20.072940 -148.298748 53.532263
v 20.072940 -129.913308 68.436486
v 20.072940 -150.999868 54.765823
v 20.072940 -150.999868 53.920625
v 20.072940 -151.060629 54.343224
v 20.072940 -150.822509 53.532263
v 5.072940 -187.871912 19.100682
v 5.072940 -194.791025 24.930645
v 5.072940 -198.541930 28.403922
v 5.072940 -185.129979 16.839814
v 5.072940 -201.762131 31.810921
v 5.072940 -204.803531 35.599823
v 5.072940 -150.183751 52.978776
v 5.072940 -165.033685 23.637682
v 5.072940 -147.392375 65.575489
v 5.072940 -146.751959 65.575489
v 5.072940 -166.768646 20.618408
v 5.072940 -170.379582 16.079302
v 5.072940 -168.592023 18.090822
v 5.072940 -180.430770 13.690347
v 5.072940 -178.627252 12.994463
v 5.072940 -182.619776 14.971401
v 5.072940 -148.006851 65.755915
v 5.072940 -133.545604 66.102151
v 5.072940 -133.964988 66.586146
v 5.072940 -172.316376 14.400595
v 5.072940 -177.030343 12.731342
v 5.072940 -133.006851 65.755915
v 5.072940 -134.231026 67.168689
v 5.072940 -149.774101 52.858492
v 5.072940 -173.905181 13.432050
v 5.072940 -175.448988 12.874437
v 5.072940 -132.392375 65.575489
v 5.072940 -149.231026 67.168689
v 5.072940 -148.964988 66.586146
v 5.072940 -130.598730 69.503024
v 5.072940 -131.137483 69.849259
v 5.072940 -148.060629 54.343224
v 5.072940 -149.347156 52.858492
v 5.072940 -148.937506 52.978776
v 5.072940 -151.060629 54.343224
v 5.072940 -158.128145 46.871972
v 5.072940 -156.761664 50.759915
v 5.072940 -134.231026 68.436486
v 5.072940 -146.137483 69.849259
v 5.072940 -146.751959 70.029686
v 5.072940 -130.179347 69.019029
v 5.072940 -129.913308 67.168689
v 5.072940 -129.822167 67.802587
v 5.072940 -130.598730 66.102151
v 5.072940 -130.179347 66.586146
v 5.072940 -131.751959 65.575489
v 5.072940 -131.137483 65.755915
v 5.072940 -148.545604 66.102151
v 5.072940 -148.578338 53.209600
v 5.072940 -148.298748 53.532263
v 5.072940 -159.457082 41.991952
v 5.072940 -147.392375 70.029686
v 5.072940 -148.006851 69.849259
v 5.072940 -134.322167 67.802587
v 5.072940 -144.822167 67.802587
v 5.072940 -129.913308 68.436486
v 5.072940 -148.121389 53.920625
v 5.072940 -150.542920 53.209600
v 5.072940 -160.841205 36.100335
v 5.072940 -144.913308 68.436486
v 5.072940 -150.822509 53.532263
v 5.072940 -162.290283 30.625088
v 5.072940 -149.774101 55.827956
v 5.072940 -150.183751 55.707672
v 5.072940 -145.598730 69.503024
v 5.072940 -145.179347 69.019029
v 5.072940 -132.392375 70.029686
v 5.072940 -133.006851 69.849259
v 5.072940 -131.751959 70.029686
v 5.072940 -148.578338 55.476848
v 5.072940 -148.937506 55.707672
v 5.072940 -150.999868 53.920625
v 5.072940 -163.561754 26.934601
v 5.072940 -150.542920 55.476848
v 5.072940 -150.822509 55.154185
v 5.072940 -149.347156 55.827956
v 5.072940 -148.545604 69.503024
v 5.072940 -148.964988 69.019029
v 5.072940 -133.545604 69.503024
v 5.072940 -133.964988 69.019029
v 5.072940 -148.298748 55.154185
v 5.072940 -148.121389 54.765823
v 5.072940 -155.123612 54.343224
v 5.072940 -158.632167 53.392587
v 5.072940 -150.999868 54.765823
v 5.072940 -149.322167 67.802587
v 5.072940 -145.179347 66.586146
v 5.072940 -144.913308 67.168689
v 5.072940 -145.598730 66.102151
v 5.072940 -146.137483 65.755915
v 5.072940 -149.231026 68.436486
v 20.072940 -12.392375 70.029686
v 20.072940 -11.751959 70.029686
v 20.072940 -11.137483 69.849259
v 20.072940 -13.006851 69.849259
v 20.072940 -9.913308 68.436486
v 20.072940 -9.822167 67.802587
v 20.072940 -13.964988 69.019029
v 20.072940 -13.545604 69.503024
v 20.072940 -14.322167 67.802587
v 20.072940 -10.179347 69.019029
v 20.072940 -14.231026 68.436486
v 20.072940 -10.598730 69.503024
v 20.072940 -13.545604 66.102151
v 20.072940 -13.964988 66.586146
v 20.072940 -14.231026 67.168689
v 20.072940 -11.751959 65.575489
v 20.072940 -12.392375 65.575489
v 20.072940 -11.137483 65.755915
v 20.072940 -13.006851 65.755915
v 20.072940 -10.598730 66.102151
v 20.072940 -10.179347 66.586146
v 20.072940 -9.913308 67.168689
v 20.072940 3.248041 70.029686
v 20.072940 3.862517 69.849259
v 20.072940 2.607625 70.029686
v 20.072940 0.677833 67.802587
v 20.072940 1.993149 65.755915
v 20.072940 1.454396 66.102151
v 20.072940 5.086692 68.436486
v 20.072940 5.177833 67.802587
v 20.072940 1.035012 69.019029
v 20.072940 1.454396 69.503024
v 20.072940 0.768974 68.436486
v 20.072940 1.035012 66.586146
v 20.072940 0.768974 67.168689
v 20.072940 2.607625 65.575489
v 20.072940 4.820653 66.586146
v 20.072940 4.401270 66.102151
v 20.072940 4.820653 69.019029
v 20.072940 1.993149 69.849259
v 20.072940 3.248041 65.575489
v 20.072940 3.862517 65.755915
v 20.072940 5.086692 67.168689
v 20.072940 4.401270 69.503024
v 20.072940 14.052517 69.849259
v 20.072940 14.591270 69.503024
v 20.072940 13.438041 70.029686
v 20.072940 12.797625 70.029686
v 20.072940 11.644396 69.503024
v 20.072940 12.183149 69.849259
v 20.072940 10.867833 67.802587
v 20.072940 13.438041 65.575489
v 20.072940 14.591270 66.102151
v 20.072940 14.052517 65.755915
v 20.072940 15.276692 68.436486
v 20.072940 15.367833 67.802587
v 20.072940 11.225012 69.019029
v 20.072940 10.958974 68.436486
v 20.072940 12.797625 65.575489
v 20.072940 15.010653 66.586146
v 20.072940 15.010653 69.019029
v 20.072940 15.276692 67.168689
v 20.072940 11.225012 66.586146
v 20.072940 10.958974 67.168689
v 20.072940 12.183149 65.755915
v 20.072940 11.644396 66.102151
v 20.072940 -102.392375 70.029686
v 20.072940 -101.751959 70.029686
v 20.072940 -103.545604 66.102151
v 20.072940 -103.964988 66.586146
v 20.072940 -101.751959 65.575489
v 20.072940 -103.006851 65.755915
v 20.072940 -102.392375 65.575489
v 20.072940 -101.137483 69.849259
v 20.072940 -103.545604 69.503024
v 20.072940 -103.006851 69.849259
v 20.072940 -100.598730 66.102151
v 20.072940 -101.137483 65.755915
v 20.072940 -100.598730 69.503024
v 20.072940 -100.179347 69.019029
v 20.072940 -104.322167 67.802587
v 20.072940 -99.913308 67.168689
v 20.072940 -100.179347 66.586146
v 20.072940 -104.231026 68.436486
v 20.072940 -103.964988 69.019029
v 20.072940 -104.231026 67.168689
v 20.072940 -99.913308 68.436486
v 20.072940 -99.822167 67.802587
v 20.072940 -86.751959 70.029686
v 20.072940 -86.137483 69.849259
v 20.072940 -87.392375 70.029686
v 20.072940 -86.751959 65.575489
v 20.072940 -87.392375 65.575489
v 20.072940 -84.913308 68.436486
v 20.072940 -84.822167 67.802587
v 20.072940 -86.137483 65.755915
v 20.072940 -85.179347 66.586146
v 20.072940 -85.598730 66.102151
v 20.072940 -85.179347 69.019029
v 20.072940 -88.006851 69.849259
v 20.072940 -88.964988 69.019029
v 20.072940 -88.545604 69.503024
v 20.072940 -88.964988 66.586146
v 20.072940 -89.231026 67.168689
v 20.072940 -88.006851 65.755915
v 20.072940 -85.598730 69.503024
v 20.072940 -89.322167 67.802587
v 20.072940 -88.545604 66.102151
v 20.072940 -89.231026 68.436486
v 20.072940 -84.913308 67.168689
v 20.072940 -71.751959 70.029686
v 20.072940 -71.137483 69.849259
v 20.072940 -72.392375 70.029686
v 20.072940 -71.751959 65.575489
v 20.072940 -72.392375 65.575489
v 20.072940 -69.913308 68.436486
v 20.072940 -69.822167 67.802587
v 20.072940 -71.137483 65.755915
v 20.072940 -70.179347 66.586146
v 20.072940 -70.598730 66.102151
v 20.072940 -70.179347 69.019029
v 20.072940 -73.006851 69.849259
v 20.072940 -73.964988 69.019029
v 20.072940 -73.545604 69.503024
v 20.072940 -73.964988 66.586146
v 20.072940 -74.231026 67.168689
v 20.072940 -73.006851 65.755915
v 20.072940 -70.598730 69.503024
v 20.072940 -74.322167 67.802587
v 20.072940 -73.545604 66.102151
v 20.072940 -74.231026 68.436486
v 20.072940 -69.913308 67.168689
v 20.072940 -57.392375 70.029686
v 20.072940 -56.751959 65.575489
v 20.072940 -57.392375 65.575489
v 20.072940 -56.751959 70.029686
v 20.072940 -56.137483 69.849259
v 20.072940 -58.006851 69.849259
v 20.072940 -59.322167 67.802587
v 20.072940 -58.006851 65.755915
v 20.072940 -56.137483 65.755915
v 20.072940 -54.913308 68.436486
v 20.072940 -54.822167 67.802587
v 20.072940 -59.231026 68.436486
v 20.072940 -58.964988 66.586146
v 20.072940 -59.231026 67.168689
v 20.072940 -55.179347 66.586146
v 20.072940 -55.598730 66.102151
v 20.072940 -55.179347 69.019029
v 20.072940 -58.545604 69.503024
v 20.072940 -58.964988 69.019029
v 20.072940 -58.545604 66.102151
v 20.072940 -55.598730 69.503024
v 20.072940 -54.913308 67.168689
v 20.072940 -41.137483 69.849259
v 20.072940 -42.392375 70.029686
v 20.072940 -40.598730 69.503024
v 20.072940 -40.179347 69.019029
v 20.072940 -41.751959 70.029686
v 20.072940 -42.392375 65.575489
v 20.072940 -43.006851 65.755915
v 20.072940 -41.751959 65.575489
v 20.072940 -43.006851 69.849259
v 20.072940 -41.137483 65.755915
v 20.072940 -43.964988 69.019029
v 20.072940 -43.545604 69.503024
v 20.072940 -44.322167 67.802587
v 20.072940 -44.231026 68.436486
v 20.072940 -43.545604 66.102151
v 20.072940 -43.964988 66.586146
v 20.072940 -40.179347 66.586146
v 20.072940 -40.598730 66.102151
v 20.072940 -44.231026 67.168689
v 20.072940 -39.913308 68.436486
v 20.072940 -39.822167 67.802587
v 20.072940 -39.913308 67.168689
v 20.072940 -27.392375 65.575489
v 20.072940 -28.006851 65.755915
v 20.072940 -25.598730 69.503024
v 20.072940 -25.179347 69.019029
v 20.072940 -26.751959 70.029686
v 20.072940 -27.392375 70.029686
v 20.072940 -24.913308 68.436486
v 20.072940 -24.822167 67.802587
v 20.072940 -26.137483 69.849259
v 20.072940 -28.545604 66.102151
v 20.072940 -28.964988 66.586146
v 20.072940 -26.751959 65.575489
v 20.072940 -28.545604 69.503024
v 20.072940 -28.006851 69.849259
v 20.072940 -29.322167 67.802587
v 20.072940 -25.598730 66.102151
v 20.072940 -26.137483 65.755915
v 20.072940 -28.964988 69.019029
v 20.072940 -29.231026 68.436486
v 20.072940 -29.231026 67.168689
v 20.072940 -24.913308 67.168689
v 20.072940 -25.179347 66.586146
v 20.072940 -19.572167 42.357047
v 20.072940 -4.572167 42.357047
v 20.072940 8.022833 42.357047
v 5.072940 -12.392375 65.575489
v 5.072940 -11.751959 65.575489
v 5.072940 -14.231026 68.436486
v 5.072940 -14.322167 67.802587
v 5.072940 -11.751959 70.029686
v 5.072940 -13.006851 65.755915
v 5.072940 -14.231026 67.168689
v 5.072940 -13.964988 66.586146
v 5.072940 -13.964988 69.019029
v 5.072940 -13.006851 69.849259
v 5.072940 -13.545604 69.503024
v 5.072940 -12.392375 70.029686
v 5.072940 -10.598730 69.503024
v 5.072940 -11.137483 69.849259
v 5.072940 -9.822167 67.802587
v 5.072940 -11.137483 65.755915
v 5.072940 -13.545604 66.102151
v 5.072940 -9.913308 68.436486
v 5.072940 -10.598730 66.102151
v 5.072940 -10.179347 69.019029
v 5.072940 -10.179347 66.586146
v 5.072940 -9.913308 67.168689
v 5.072940 3.862517 65.755915
v 5.072940 4.401270 66.102151
v 5.072940 0.768974 68.436486
v 5.072940 0.677833 67.802587
v 5.072940 3.248041 70.029686
v 5.072940 2.607625 70.029686
v 5.072940 4.401270 69.503024
v 5.072940 3.862517 69.849259
v 5.072940 4.820653 66.586146
v 5.072940 5.086692 67.168689
v 5.072940 3.248041 65.575489
v 5.072940 1.035012 69.019029
v 5.072940 1.993149 69.849259
v 5.072940 1.454396 69.503024
v 5.072940 5.177833 67.802587
v 5.072940 2.607625 65.575489
v 5.072940 1.035012 66.586146
v 5.072940 1.454396 66.102151
v 5.072940 5.086692 68.436486
v 5.072940 1.993149 65.755915
v 5.072940 4.820653 69.019029
v 5.072940 0.768974 67.168689
v 5.072940 12.797625 70.029686
v 5.072940 12.183149 69.849259
v 5.072940 13.438041 70.029686
v 5.072940 14.052517 69.849259
v 5.072940 15.010653 69.019029
v 5.072940 14.591270 69.503024
v 5.072940 10.958974 68.436486
v 5.072940 10.867833 67.802587
v 5.072940 14.052517 65.755915
v 5.072940 14.591270 66.102151
v 5.072940 11.225012 69.019029
v 5.072940 11.644396 69.503024
v 5.072940 15.367833 67.802587
v 5.072940 13.438041 65.575489
v 5.072940 12.183149 65.755915
v 5.072940 12.797625 65.575489
v 5.072940 15.276692 68.436486
v 5.072940 15.010653 66.586146
v 5.072940 15.276692 67.168689
v 5.072940 11.644396 66.102151
v 5.072940 11.225012 66.586146
v 5.072940 10.958974 67.168689
v 5.072940 -101.751959 70.029686
v 5.072940 -102.392375 70.029686
v 5.072940 -103.006851 69.849259
v 5.072940 -101.137483 69.849259
v 5.072940 -100.598730 69.503024
v 5.072940 -99.913308 68.436486
v 5.072940 -100.179347 69.019029
v 5.072940 -102.392375 65.575489
v 5.072940 -101.751959 65.575489
v 5.072940 -104.231026 67.168689
v 5.072940 -103.964988 66.586146
v 5.072940 -103.545604 69.503024
v 5.072940 -103.964988 69.019029
v 5.072940 -99.822167 67.802587
v 5.072940 -100.598730 66.102151
v 5.072940 -100.179347 66.586146
v 5.072940 -101.137483 65.755915
v 5.072940 -103.006851 65.755915
v 5.072940 -103.545604 66.102151
v 5.072940 -99.913308 67.168689
v 5.072940 -104.231026 68.436486
v 5.072940 -104.322167 67.802587
v 5.072940 -86.137483 65.755915
v 5.072940 -85.598730 66.102151
v 5.072940 -86.751959 70.029686
v 5.072940 -86.751959 65.575489
v 5.072940 -87.392375 65.575489
v 5.072940 -87.392375 70.029686
v 5.072940 -85.598730 69.503024
v 5.072940 -86.137483 69.849259
v 5.072940 -84.822167 67.802587
v 5.072940 -88.545604 66.102151
v 5.072940 -88.006851 65.755915
v 5.072940 -88.006851 69.849259
v 5.072940 -88.545604 69.503024
v 5.072940 -84.913308 68.436486
v 5.072940 -85.179347 66.586146
v 5.072940 -84.913308 67.168689
v 5.072940 -89.322167 67.802587
v 5.072940 -89.231026 67.168689
v 5.072940 -85.179347 69.019029
v 5.072940 -88.964988 66.586146
v 5.072940 -89.231026 68.436486
v 5.072940 -88.964988 69.019029
v 5.072940 -71.137483 65.755915
v 5.072940 -70.598730 66.102151
v 5.072940 -71.751959 70.029686
v 5.072940 -71.751959 65.575489
v 5.072940 -72.392375 65.575489
v 5.072940 -72.392375 70.029686
v 5.072940 -70.598730 69.503024
v 5.072940 -71.137483 69.849259
v 5.072940 -69.822167 67.802587
v 5.072940 -73.545604 66.102151
v 5.072940 -73.006851 65.755915
v 5.072940 -73.006851 69.849259
v 5.072940 -73.545604 69.503024
v 5.072940 -69.913308 68.436486
v 5.072940 -70.179347 66.586146
v 5.072940 -69.913308 67.168689
v 5.072940 -74.322167 67.802587
v 5.072940 -74.231026 67.168689
v 5.072940 -70.179347 69.019029
v 5.072940 -73.964988 66.586146
v 5.072940 -74.231026 68.436486
v 5.072940 -73.964988 69.019029
v 5.072940 -57.392375 65.575489
v 5.072940 -56.751959 70.029686
v 5.072940 -56.751959 65.575489
v 5.072940 -59.231026 68.436486
v 5.072940 -59.322167 67.802587
v 5.072940 -57.392375 70.029686
v 5.072940 -58.006851 65.755915
v 5.072940 -58.964988 69.019029
v 5.072940 -58.006851 69.849259
v 5.072940 -55.598730 69.503024
v 5.072940 -56.137483 69.849259
v 5.072940 -54.822167 67.802587
v 5.072940 -56.137483 65.755915
v 5.072940 -55.598730 66.102151
v 5.072940 -58.545604 66.102151
v 5.072940 -58.545604 69.503024
v 5.072940 -54.913308 68.436486
v 5.072940 -55.179347 66.586146
v 5.072940 -54.913308 67.168689
v 5.072940 -59.231026 67.168689
v 5.072940 -55.179347 69.019029
v 5.072940 -58.964988 66.586146
v 5.072940 -41.137483 69.849259
v 5.072940 -41.751959 70.029686
v 5.072940 -42.392375 70.029686
v 5.072940 -39.822167 67.802587
v 5.072940 -42.392375 65.575489
v 5.072940 -43.006851 65.755915
v 5.072940 -44.231026 68.436486
v 5.072940 -44.322167 67.802587
v 5.072940 -40.598730 69.503024
v 5.072940 -39.913308 68.436486
v 5.072940 -40.179347 69.019029
v 5.072940 -39.913308 67.168689
v 5.072940 -41.137483 65.755915
v 5.072940 -41.751959 65.575489
v 5.072940 -43.545604 66.102151
v 5.072940 -43.964988 69.019029
v 5.072940 -43.006851 69.849259
v 5.072940 -43.545604 69.503024
v 5.072940 -40.179347 66.586146
v 5.072940 -40.598730 66.102151
v 5.072940 -44.231026 67.168689
v 5.072940 -43.964988 66.586146
v 5.072940 -26.751959 70.029686
v 5.072940 -27.392375 70.029686
v 5.072940 -25.179347 69.019029
v 5.072940 -25.598730 69.503024
v 5.072940 -27.392375 65.575489
v 5.072940 -26.137483 69.849259
v 5.072940 -24.913308 68.436486
v 5.072940 -24.822167 67.802587
v 5.072940 -28.006851 69.849259
v 5.072940 -26.751959 65.575489
v 5.072940 -29.231026 68.436486
v 5.072940 -29.322167 67.802587
v 5.072940 -28.545604 69.503024
v 5.072940 -24.913308 67.168689
v 5.072940 -25.598730 66.102151
v 5.072940 -25.179347 66.586146
v 5.072940 -26.137483 65.755915
v 5.072940 -28.545604 66.102151
v 5.072940 -28.006851 65.755915
v 5.072940 -28.964988 69.019029
v 5.072940 -28.964988 66.586146
v 5.072940 -29.231026 67.168689
v 5.072940 -19.572167 42.357047
v 5.072940 -4.572167 42.357047
v 5.072940 8.022833 42.357047
v 20.072940 -115.179347 69.019029
v 20.072940 -116.751959 70.029686
v 20.072940 -116.137483 69.849259
v 20.072940 -118.006851 69.849259
v 20.072940 -117.392375 70.029686
v 20.072940 -117.392375 65.575489
v 20.072940 -118.006851 65.755915
v 20.072940 -118.545604 66.102151
v 20.072940 -118.964988 66.586146
v 20.072940 -116.137483 65.755915
v 20.072940 -116.751959 65.575489
v 20.072940 -118.964988 69.019029
v 20.072940 -114.822167 67.802587
v 20.072940 -114.913308 67.168689
v 20.072940 -114.913308 68.436486
v 20.072940 -118.545604 69.503024
v 20.072940 -115.179347 66.586146
v 20.072940 -119.322167 67.802587
v 20.072940 -119.231026 68.436486
v 20.072940 -119.231026 67.168689
v 20.072940 -115.598730 66.102151
v 20.072940 -115.598730 69.503024
v 5.072940 -119.322167 67.802587
v 5.072940 -119.231026 68.436486
v 5.072940 -118.964988 69.019029
v 5.072940 -118.545604 69.503024
v 5.072940 -118.006851 69.849259
v 5.072940 -117.392375 70.029686
v 5.072940 -116.751959 70.029686
v 5.072940 -116.137483 69.849259
v 5.072940 -115.598730 69.503024
v 5.072940 -115.179347 69.019029
v 5.072940 -114.913308 68.436486
v 5.072940 -114.822167 67.802587
v 5.072940 -114.913308 67.168689
v 5.072940 -115.179347 66.586146
v 5.072940 -115.598730 66.102151
v 5.072940 -116.137483 65.755915
v 5.072940 -116.751959 65.575489
v 5.072940 -117.392375 65.575489
v 5.072940 -118.006851 65.755915
v 5.072940 -118.545604 66.102151
v 5.072940 -118.964988 66.586146
v 5.072940 -119.231026 67.168689
v 20.072940 -119.806241 103.045505
v 20.072940 -117.534690 101.585668
v 20.072940 -118.422266 101.846283
v 20.072940 -114.338093 103.045505
v 20.072940 -114.943870 102.346401
v 20.072940 -114.338093 106.559670
v 20.072940 -116.609644 108.019507
v 20.072940 -115.722068 107.758891
v 20.072940 -119.806241 106.559670
v 20.072940 -119.200464 107.258774
v 20.072940 -116.609644 101.585668
v 20.072940 -115.722068 101.846283
v 20.072940 -113.822167 104.802587
v 20.072940 -113.953815 103.886957
v 20.072940 -113.953815 105.718218
v 20.072940 -117.534690 108.019507
v 20.072940 -118.422266 107.758891
v 20.072940 -120.322167 104.802587
v 20.072940 -120.190519 105.718218
v 20.072940 -120.190519 103.886957
v 20.072940 -114.943870 107.258774
v 20.072940 -119.200464 102.346401
v 5.072940 -113.953815 105.718218
v 5.072940 -113.822167 104.802587
v 5.072940 -114.338093 106.559670
v 5.072940 -114.943870 107.258774
v 5.072940 -115.722068 107.758891
v 5.072940 -116.609644 108.019507
v 5.072940 -117.534690 108.019507
v 5.072940 -118.422266 107.758891
v 5.072940 -119.200464 107.258774
v 5.072940 -119.806241 106.559670
v 5.072940 -120.190519 105.718218
v 5.072940 -120.322167 104.802587
v 5.072940 -120.190519 103.886957
v 5.072940 -119.806241 103.045505
v 5.072940 -119.200464 102.346401
v 5.072940 -118.422266 101.846283
v 5.072940 -117.534690 101.585668
v 5.072940 -116.609644 101.585668
v 5.072940 -115.722068 101.846283
v 5.072940 -114.943870 102.346401
v 5.072940 -114.338093 103.045505
v 5.072940 -113.953815 103.886957
v 20.072940 -119.806241 39.045505
v 20.072940 -117.534690 37.585668
v 20.072940 -118.422266 37.846283
v 20.072940 -114.338093 39.045505
v 20.072940 -114.943870 38.346401
v 20.072940 -114.338093 42.559670
v 20.072940 -116.609644 44.019507
v 20.072940 -115.722068 43.758891
v 20.072940 -119.806241 42.559670
v 20.072940 -119.200464 43.258774
v 20.072940 -120.322167 40.802587
v 20.072940 -120.190519 41.718218
v 20.072940 -120.190519 39.886957
v 20.072940 -116.609644 37.585668
v 20.072940 -115.722068 37.846283
v 20.072940 -113.822167 40.802587
v 20.072940 -113.953815 39.886957
v 20.072940 -113.953815 41.718218
v 20.072940 -117.534690 44.019507
v 20.072940 -118.422266 43.758891
v 20.072940 -119.200464 38.346401
v 20.072940 -114.943870 43.258774
v 5.072940 -113.953815 41.718218
v 5.072940 -113.822167 40.802587
v 5.072940 -114.338093 42.559670
v 5.072940 -114.943870 43.258774
v 5.072940 -115.722068 43.758891
v 5.072940 -116.609644 44.019507
v 5.072940 -117.534690 44.019507
v 5.072940 -118.422266 43.758891
v 5.072940 -119.200464 43.258774
v 5.072940 -119.806241 42.559670
v 5.072940 -120.190519 41.718218
v 5.072940 -120.322167 40.802587
v 5.072940 -120.190519 39.886957
v 5.072940 -119.806241 39.045505
v 5.072940 -119.200464 38.346401
v 5.072940 -118.422266 37.846283
v 5.072940 -117.534690 37.585668
v 5.072940 -116.609644 37.585668
v 5.072940 -115.722068 37.846283
v 5.072940 -114.943870 38.346401
v 5.072940 -114.338093 39.045505
v 5.072940 -113.953815 39.886957
usemtl NewMockPrunerAssembly24OBJMaterial0
f 1 2 3
f 4 3 2
f 2 5 4
f 4 5 6
f 5 2 7
f 2 8 7
f 9 10 11
f 12 2 13
f 2 14 15
f 6 5 16
f 7 17 5
f 18 19 9
f 15 13 2
f 16 20 6
f 5 21 22
f 2 12 8
f 23 18 24
f 18 23 19
f 12 25 26
f 2 27 14
f 5 28 16
f 17 21 5
f 11 18 9
f 13 25 12
f 22 28 5
f 26 23 12
f 2 29 30
f 1 31 29
f 24 12 23
f 29 2 1
f 30 27 2
f 20 32 6
f 33 34 35
f 33 36 37
f 36 38 39
f 38 40 41
f 40 10 42
f 43 42 10
f 19 44 43
f 23 45 44
f 26 46 45
f 25 47 46
f 13 48 47
f 47 25 13
f 46 26 25
f 45 23 26
f 44 19 23
f 43 9 19
f 10 9 43
f 42 41 40
f 41 39 38
f 39 37 36
f 37 34 33
f 35 49 33
f 50 51 52
f 50 53 54
f 53 55 56
f 55 57 58
f 57 32 59
f 60 59 32
f 16 61 60
f 28 62 61
f 22 63 62
f 21 64 63
f 17 65 64
f 64 21 17
f 63 22 21
f 62 28 22
f 61 16 28
f 60 20 16
f 32 20 60
f 59 58 57
f 58 56 55
f 56 54 53
f 54 51 50
f 52 66 50
f 7 8 67
f 65 17 7
f 8 12 68
f 12 24 69
f 24 18 70
f 18 11 71
f 11 72 73
f 72 74 75
f 74 76 77
f 78 79 80
f 66 52 79
f 79 78 66
f 80 76 78
f 76 80 77
f 77 75 74
f 75 73 72
f 73 71 11
f 71 70 18
f 70 69 24
f 69 68 12
f 68 67 8
f 67 65 7
f 15 14 81
f 48 13 15
f 14 27 82
f 27 30 83
f 30 29 84
f 29 31 85
f 31 86 87
f 86 88 89
f 88 90 91
f 92 93 94
f 49 35 93
f 93 92 49
f 94 90 92
f 90 94 91
f 91 89 88
f 89 87 86
f 87 85 31
f 85 84 29
f 84 83 30
f 83 82 27
f 82 81 14
f 81 48 15
f 47 48 95
f 46 47 96
f 45 46 97
f 44 45 98
f 43 44 99
f 42 43 100
f 41 42 101
f 39 41 102
f 37 39 103
f 34 37 104
f 35 34 105
f 105 106 35
f 104 105 34
f 103 104 37
f 102 103 39
f 101 102 41
f 100 101 42
f 99 100 43
f 98 99 44
f 97 98 45
f 96 97 46
f 95 96 47
f 64 65 107
f 63 64 108
f 62 63 109
f 61 62 110
f 60 61 111
f 59 60 112
f 58 59 113
f 56 58 114
f 54 56 115
f 51 54 116
f 52 51 117
f 117 118 52
f 116 117 51
f 115 116 54
f 114 115 56
f 113 114 58
f 112 113 59
f 111 112 60
f 110 111 61
f 109 110 62
f 108 109 63
f 107 108 64
f 79 52 118
f 80 79 119
f 77 80 120
f 75 77 121
f 73 75 122
f 71 73 123
f 70 71 124
f 69 70 125
f 68 69 126
f 67 68 127
f 65 67 128
f 128 107 65
f 127 128 67
f 126 127 68
f 125 126 69
f 124 125 70
f 123 124 71
f 122 123 73
f 121 122 75
f 120 121 77
f 119 120 80
f 118 119 79
f 93 35 106
f 94 93 129
f 91 94 130
f 89 91 131
f 87 89 132
f 85 87 133
f 84 85 134
f 83 84 135
f 82 83 136
f 81 82 137
f 48 81 138
f 138 95 48
f 137 138 81
f 136 137 82
f 135 136 83
f 134 135 84
f 133 134 85
f 132 133 87
f 131 132 89
f 130 131 91
f 129 130 94
f 106 129 93
f 72 11 10
f 40 74 72
f 139 76 33
f 76 40 38
f 40 76 74
f 140 50 66
f 76 36 33
f 10 40 72
f 140 53 50
f 140 57 55
f 57 140 6
f 86 31 1
f 38 36 76
f 66 139 140
f 6 32 57
f 139 88 86
f 139 78 76
f 55 53 140
f 139 90 88
f 66 78 139
f 141 4 6
f 139 92 90
f 6 140 141
f 142 3 4
f 142 139 1
f 139 49 92
f 4 141 142
f 1 139 86
f 1 3 142
f 33 49 139
f 143 140 139
f 139 144 143
f 144 145 146
f 146 143 144
f 147 148 146
f 146 145 147
f 99 149 107
f 149 108 107
f 148 113 112
f 107 101 100
f 149 112 111
f 148 114 113
f 123 103 102
f 149 109 108
f 112 149 148
f 103 123 122
f 102 125 124
f 107 102 101
f 111 110 149
f 148 117 116
f 103 121 120
f 102 124 123
f 110 109 149
f 116 115 148
f 103 119 118
f 122 121 103
f 102 127 126
f 150 135 134
f 115 114 148
f 118 148 103
f 126 125 102
f 102 107 128
f 147 106 105
f 147 131 130
f 134 147 150
f 150 138 137
f 118 117 148
f 128 127 102
f 148 105 104
f 147 129 106
f 147 132 131
f 134 133 147
f 137 136 150
f 150 149 96
f 149 98 97
f 120 119 103
f 105 148 147
f 133 132 147
f 150 95 138
f 97 96 149
f 104 103 148
f 136 135 150
f 149 99 98
f 130 129 147
f 107 100 99
f 96 95 150
f 151 150 142
f 150 147 145
f 139 142 145
f 145 142 150
f 142 152 151
f 145 144 139
f 149 141 146
f 140 143 146
f 146 141 140
f 153 154 141
f 141 149 153
f 146 148 149
f 153 151 152
f 152 154 153
f 154 152 155
f 142 156 157
f 156 158 159
f 152 160 155
f 154 161 162
f 154 159 163
f 159 157 156
f 142 141 164
f 154 165 166
f 152 167 160
f 141 154 168
f 154 169 161
f 159 170 163
f 157 171 142
f 142 172 173
f 164 174 142
f 154 175 165
f 152 176 167
f 142 171 177
f 141 178 179
f 154 180 168
f 154 181 182
f 163 169 154
f 173 156 142
f 141 183 164
f 154 184 185
f 154 186 187
f 155 175 154
f 152 188 189
f 142 190 191
f 142 192 193
f 177 194 142
f 168 178 141
f 162 181 154
f 159 195 196
f 174 172 142
f 187 184 154
f 189 176 152
f 191 152 142
f 194 192 142
f 182 180 154
f 158 195 159
f 166 186 154
f 193 190 142
f 196 170 159
f 191 188 152
f 141 197 198
f 185 159 154
f 179 197 141
f 198 183 141
f 199 200 168
f 201 199 180
f 202 201 182
f 203 202 181
f 204 203 162
f 205 204 161
f 206 205 169
f 207 206 163
f 208 207 170
f 209 208 196
f 210 209 195
f 195 158 210
f 196 195 209
f 170 196 208
f 163 170 207
f 169 163 206
f 161 169 205
f 162 161 204
f 181 162 203
f 182 181 202
f 180 182 201
f 168 180 199
f 211 210 158
f 212 211 156
f 213 212 173
f 214 213 172
f 215 214 174
f 216 215 164
f 217 216 183
f 218 217 198
f 219 218 197
f 220 219 179
f 200 220 178
f 178 168 200
f 179 178 220
f 197 179 219
f 198 197 218
f 183 198 217
f 164 183 216
f 174 164 215
f 172 174 214
f 173 172 213
f 156 173 212
f 158 156 211
f 221 222 187
f 223 221 186
f 224 223 166
f 225 224 165
f 226 225 175
f 227 226 155
f 228 227 160
f 229 228 167
f 230 229 176
f 231 230 189
f 232 231 188
f 188 191 232
f 189 188 231
f 176 189 230
f 167 176 229
f 160 167 228
f 155 160 227
f 175 155 226
f 165 175 225
f 166 165 224
f 186 166 223
f 187 186 221
f 233 232 191
f 234 233 190
f 235 234 193
f 236 235 192
f 237 236 194
f 238 237 177
f 239 238 171
f 240 239 157
f 241 240 159
f 242 241 185
f 222 242 184
f 184 187 222
f 185 184 242
f 159 185 241
f 157 159 240
f 171 157 239
f 177 171 238
f 194 177 237
f 192 194 236
f 193 192 235
f 190 193 234
f 191 190 233
f 243 205 206
f 244 204 205
f 245 201 202
f 245 246 199
f 247 215 216
f 248 214 215
f 205 243 244
f 244 249 203
f 199 201 245
f 246 250 200
f 251 217 218
f 252 216 217
f 215 247 248
f 253 213 214
f 254 212 213
f 254 255 211
f 256 208 209
f 256 257 207
f 258 206 207
f 203 204 244
f 259 202 203
f 200 199 246
f 260 219 220
f 260 261 218
f 217 251 252
f 214 248 253
f 211 212 254
f 255 262 210
f 263 209 210
f 207 208 256
f 206 258 243
f 202 259 245
f 264 220 200
f 218 219 260
f 216 252 247
f 210 211 255
f 209 263 256
f 203 249 259
f 220 264 260
f 213 253 254
f 207 257 258
f 218 261 251
f 200 250 264
f 210 262 263
f 265 266 250
f 267 265 246
f 268 267 245
f 269 268 259
f 270 269 249
f 271 270 244
f 272 271 243
f 273 272 258
f 274 273 257
f 275 274 256
f 276 275 263
f 263 262 276
f 256 263 275
f 257 256 274
f 258 257 273
f 243 258 272
f 244 243 271
f 249 244 270
f 259 249 269
f 245 259 268
f 246 245 267
f 250 246 265
f 277 276 262
f 278 277 255
f 279 278 254
f 280 279 253
f 281 280 248
f 282 281 247
f 283 282 252
f 284 283 251
f 285 284 261
f 286 285 260
f 266 286 264
f 264 250 266
f 260 264 286
f 261 260 285
f 251 261 284
f 252 251 283
f 247 252 282
f 248 247 281
f 253 248 280
f 254 253 279
f 255 254 278
f 262 255 277
f 149 284 285
f 149 283 284
f 149 281 282
f 149 150 280
f 150 278 279
f 151 287 288
f 151 289 290
f 275 291 292
f 151 153 271
f 282 283 149
f 279 280 150
f 277 150 293
f 150 294 295
f 290 287 151
f 292 151 275
f 275 296 297
f 275 276 298
f 276 299 300
f 276 293 301
f 151 273 274
f 271 272 151
f 280 281 149
f 150 302 293
f 295 303 150
f 292 289 151
f 275 304 296
f 276 305 298
f 301 299 276
f 300 305 276
f 272 273 151
f 153 269 270
f 153 267 268
f 150 277 278
f 303 302 150
f 297 291 275
f 270 271 153
f 153 265 267
f 293 276 277
f 298 304 275
f 268 269 153
f 153 149 286
f 150 306 294
f 151 307 306
f 274 275 151
f 286 266 153
f 306 150 151
f 288 308 151
f 285 286 149
f 266 265 153
f 308 307 151
f 309 227 228
f 310 226 227
f 311 223 224
f 311 312 221
f 313 237 238
f 314 236 237
f 227 309 310
f 310 315 225
f 221 223 311
f 312 316 222
f 317 239 240
f 318 238 239
f 237 313 314
f 319 235 236
f 320 234 235
f 320 321 233
f 322 230 231
f 322 323 229
f 324 228 229
f 225 226 310
f 325 224 225
f 222 221 312
f 326 241 242
f 326 327 240
f 239 317 318
f 236 314 319
f 233 234 320
f 321 328 232
f 329 231 232
f 229 230 322
f 228 324 309
f 224 325 311
f 330 242 222
f 240 241 326
f 238 318 313
f 232 233 321
f 231 329 322
f 225 315 325
f 242 330 326
f 235 319 320
f 229 323 324
f 240 327 317
f 222 316 330
f 232 328 329
f 304 298 316
f 296 304 312
f 297 296 311
f 291 297 325
f 292 291 315
f 289 292 310
f 290 289 309
f 287 290 324
f 288 287 323
f 308 288 322
f 307 308 329
f 329 328 307
f 322 329 308
f 323 322 288
f 324 323 287
f 309 324 290
f 310 309 289
f 315 310 292
f 325 315 291
f 311 325 297
f 312 311 296
f 316 312 304
f 306 307 328
f 294 306 321
f 295 294 320
f 303 295 319
f 302 303 314
f 293 302 313
f 301 293 318
f 299 301 317
f 300 299 327
f 305 300 326
f 298 305 330
f 330 316 298
f 326 330 305
f 327 326 300
f 317 327 299
f 318 317 301
f 313 318 293
f 314 313 302
f 319 314 303
f 320 319 295
f 321 320 294
f 328 321 306
f 331 332 333
f 333 334 331
f 331 335 336
f 336 332 331
f 331 337 335
f 336 338 332
f 339 334 333
f 333 340 339
f 341 339 340
f 340 342 341
f 343 341 342
f 342 344 343
f 345 343 344
f 344 346 345
f 347 345 346
f 346 348 347
f 349 347 348
f 348 350 349
f 351 349 350
f 350 352 351
f 351 353 339
f 331 334 339
f 337 331 353
f 339 353 331
f 339 341 351
f 347 349 351
f 345 347 341
f 351 341 347
f 353 354 337
f 341 343 345
f 332 355 340
f 342 340 355
f 355 352 342
f 346 344 342
f 348 346 352
f 342 352 346
f 340 333 332
f 338 356 355
f 355 332 338
f 352 350 348
f 353 351 352
f 352 355 353
f 355 356 354
f 354 356 357
f 358 359 360
f 359 357 356
f 357 361 354
f 362 363 354
f 356 360 359
f 354 361 362
f 354 353 355
f 360 364 358
f 365 366 367
f 368 367 366
f 366 369 368
f 370 368 369
f 369 371 370
f 372 370 371
f 371 373 372
f 374 372 373
f 373 375 374
f 376 374 375
f 375 377 376
f 378 376 377
f 377 379 378
f 364 378 379
f 379 358 364
f 367 380 365
f 381 382 383
f 384 383 382
f 382 385 384
f 386 384 385
f 385 387 386
f 380 386 387
f 387 365 380
f 383 388 381
f 362 389 390
f 391 390 389
f 389 392 391
f 393 391 392
f 392 394 393
f 395 393 394
f 394 396 395
f 397 395 396
f 396 398 397
f 399 397 398
f 398 400 399
f 401 399 400
f 400 402 401
f 388 401 402
f 402 381 388
f 390 363 362
f 364 360 469
f 378 469 470
f 376 470 471
f 374 471 472
f 372 472 473
f 370 473 474
f 368 474 475
f 367 475 386
f 476 477 383
f 336 335 478
f 390 391 403
f 391 479 404
f 404 403 391
f 478 405 404
f 404 479 478
f 363 406 337
f 407 335 337
f 478 335 407
f 337 406 407
f 337 354 363
f 390 408 406
f 406 363 390
f 401 388 409
f 388 383 410
f 410 409 388
f 477 411 410
f 410 383 477
f 477 480 412
f 399 413 412
f 412 480 399
f 401 414 413
f 413 399 401
f 481 482 415
f 470 416 415
f 415 482 470
f 469 417 416
f 416 470 469
f 418 419 338
f 360 356 338
f 469 360 419
f 338 419 360
f 338 336 418
f 481 420 418
f 418 336 481
f 483 484 421
f 472 422 421
f 421 484 472
f 471 423 422
f 422 472 471
f 471 470 424
f 470 482 425
f 425 424 470
f 483 426 425
f 425 482 483
f 480 477 427
f 477 476 428
f 428 427 477
f 485 429 428
f 428 476 485
f 485 486 430
f 486 487 431
f 431 430 486
f 480 432 431
f 431 487 480
f 393 395 433
f 395 488 434
f 434 433 395
f 489 435 434
f 434 488 489
f 489 479 436
f 391 437 436
f 436 479 391
f 393 438 437
f 437 391 393
f 397 399 439
f 399 480 440
f 440 439 399
f 487 441 440
f 440 480 487
f 487 488 442
f 395 443 442
f 442 488 395
f 397 444 443
f 443 395 397
f 488 487 445
f 487 486 446
f 446 445 487
f 484 447 446
f 446 486 484
f 484 483 448
f 489 449 448
f 448 483 489
f 488 450 449
f 449 489 488
f 479 489 451
f 489 483 452
f 452 451 489
f 482 453 452
f 452 483 482
f 482 481 454
f 481 478 455
f 455 454 481
f 479 456 455
f 455 478 479
f 476 384 457
f 386 458 457
f 457 384 386
f 475 459 458
f 458 386 475
f 475 474 460
f 474 485 461
f 461 460 474
f 476 462 461
f 461 485 476
f 486 485 463
f 474 464 463
f 463 485 474
f 473 465 464
f 464 474 473
f 473 472 466
f 472 484 467
f 467 466 472
f 486 468 467
f 467 484 486
f 466 465 473
f 463 468 486
f 460 459 475
f 457 462 476
f 454 453 482
f 451 456 479
f 448 447 484
f 445 450 488
f 442 441 487
f 439 444 397
f 436 435 489
f 433 438 393
f 430 429 485
f 427 432 480
f 424 423 471
f 421 426 483
f 419 417 469
f 415 420 481
f 412 411 477
f 409 414 401
f 407 405 478
f 403 408 390
f 478 481 336
f 383 384 476
f 386 380 367
f 475 367 368
f 474 368 370
f 473 370 372
f 472 372 374
f 471 374 376
f 470 376 378
f 469 378 364
f 366 365 387
f 556 385 382
f 369 366 557
f 371 369 558
f 373 371 559
f 375 373 560
f 377 375 561
f 379 377 562
f 358 379 563
f 357 564 565
f 566 567 490
f 560 491 490
f 490 567 560
f 559 492 491
f 491 560 559
f 558 568 493
f 566 494 493
f 559 558 495
f 493 568 566
f 493 495 558
f 556 568 496
f 558 497 496
f 496 568 558
f 557 498 497
f 497 558 557
f 387 385 499
f 556 500 499
f 557 387 501
f 499 385 556
f 499 501 387
f 569 565 502
f 565 564 503
f 503 502 565
f 570 504 503
f 503 564 570
f 571 505 506
f 569 507 505
f 570 572 506
f 505 571 569
f 506 572 571
f 573 571 508
f 571 572 509
f 509 508 571
f 567 510 509
f 509 572 567
f 574 511 512
f 573 513 511
f 567 566 512
f 511 574 573
f 512 566 574
f 398 396 514
f 396 573 515
f 515 514 396
f 574 516 515
f 515 573 574
f 400 517 518
f 398 519 517
f 574 575 518
f 517 400 398
f 518 575 400
f 394 392 520
f 392 569 521
f 521 520 392
f 571 522 521
f 521 569 571
f 396 523 524
f 394 525 523
f 571 573 524
f 523 396 394
f 524 573 396
f 389 362 526
f 362 361 527
f 527 526 362
f 565 528 527
f 527 361 565
f 392 529 530
f 389 531 529
f 565 569 530
f 529 392 389
f 530 569 392
f 575 574 532
f 574 566 533
f 533 532 574
f 568 534 533
f 533 566 568
f 556 576 535
f 575 536 535
f 568 556 537
f 535 576 575
f 535 537 556
f 572 570 538
f 562 539 538
f 538 570 562
f 561 540 539
f 539 562 561
f 560 567 541
f 572 542 541
f 561 560 543
f 541 567 572
f 541 543 560
f 564 357 544
f 359 545 544
f 544 357 359
f 563 546 545
f 545 359 563
f 562 570 547
f 564 548 547
f 563 562 549
f 547 570 564
f 547 549 562
f 402 400 550
f 400 575 551
f 551 550 400
f 576 552 551
f 551 575 576
f 381 553 554
f 402 555 553
f 576 382 554
f 553 381 402
f 554 382 381
f 554 552 576
f 550 555 402
f 549 546 563
f 544 548 564
f 543 540 561
f 538 542 572
f 537 534 568
f 532 536 575
f 530 528 565
f 526 531 389
f 524 522 571
f 520 525 394
f 518 516 574
f 514 519 398
f 512 510 567
f 508 513 573
f 506 504 570
f 502 507 569
f 501 498 557
f 496 500 556
f 495 492 559
f 490 494 566
f 565 361 357
f 563 359 358
f 562 563 379
f 561 562 377
f 560 561 375
f 559 560 373
f 558 559 371
f 557 558 369
f 382 576 556
f 387 557 366
f 410 411 552
f 551 552 411
f 411 412 551
f 552 554 410
f 409 410 554
f 554 553 409
f 413 414 555
f 553 555 414
f 414 409 553
f 555 550 413
f 412 413 550
f 550 551 412
f 416 417 546
f 545 546 417
f 417 419 545
f 546 549 416
f 415 416 549
f 549 547 415
f 418 420 548
f 547 548 420
f 420 415 547
f 548 544 418
f 419 418 544
f 544 545 419
f 422 423 540
f 539 540 423
f 423 424 539
f 540 543 422
f 421 422 543
f 543 541 421
f 425 426 542
f 541 542 426
f 426 421 541
f 542 538 425
f 424 425 538
f 538 539 424
f 428 429 534
f 533 534 429
f 429 430 533
f 534 537 428
f 427 428 537
f 537 535 427
f 431 432 536
f 535 536 432
f 432 427 535
f 536 532 431
f 430 431 532
f 532 533 430
f 404 405 528
f 527 528 405
f 405 407 527
f 528 530 404
f 403 404 530
f 530 529 403
f 406 408 531
f 529 531 408
f 408 403 529
f 531 526 406
f 407 406 526
f 526 527 407
f 434 435 522
f 521 522 435
f 435 436 521
f 522 524 434
f 433 434 524
f 524 523 433
f 437 438 525
f 523 525 438
f 438 433 523
f 525 520 437
f 436 437 520
f 520 521 436
f 440 441 516
f 515 516 441
f 441 442 515
f 516 518 440
f 439 440 518
f 518 517 439
f 443 444 519
f 517 519 444
f 444 439 517
f 519 514 443
f 442 443 514
f 514 515 442
f 446 447 510
f 509 510 447
f 447 448 509
f 510 512 446
f 445 446 512
f 512 511 445
f 449 450 513
f 511 513 450
f 450 445 511
f 513 508 449
f 448 449 508
f 508 509 448
f 452 453 504
f 503 504 453
f 453 454 503
f 504 506 452
f 451 452 506
f 506 505 451
f 455 456 507
f 505 507 456
f 456 451 505
f 507 502 455
f 454 455 502
f 502 503 454
f 458 459 498
f 497 498 459
f 459 460 497
f 498 501 458
f 457 458 501
f 501 499 457
f 461 462 500
f 499 500 462
f 462 457 499
f 500 496 461
f 460 461 496
f 496 497 460
f 464 465 492
f 491 492 465
f 465 466 491
f 492 495 464
f 463 464 495
f 495 493 463
f 467 468 494
f 493 494 468
f 468 463 493
f 494 490 467
f 466 467 490
f 490 491 466
f 577 578 579
f 577 580 578
f 581 582 583
f 583 577 581
f 579 581 577
f 584 585 582
f 581 584 582
f 586 587 588
f 586 589 590
f 590 587 586
f 591 592 593
f 591 594 592
f 591 588 594
f 595 596 597
f 597 584 595
f 596 598 597
f 596 593 598
f 579 599 595
f 578 600 599
f 580 601 600
f 577 602 601
f 583 603 602
f 582 604 603
f 605 604 585
f 604 582 585
f 585 606 605
f 606 607 605
f 603 583 582
f 602 577 583
f 601 580 577
f 600 578 580
f 599 579 578
f 595 581 579
f 584 581 595
f 593 596 591
f 588 591 586
f 605 608 609
f 610 609 611
f 605 607 608
f 610 612 613
f 610 614 615
f 609 610 605
f 610 616 612
f 611 614 610
f 610 617 618
f 610 619 620
f 615 616 610
f 610 621 617
f 613 619 610
f 620 621 610
f 618 622 610
f 623 624 625
f 623 626 624
f 623 627 628
f 628 626 623
f 629 630 589
f 629 625 631
f 631 632 629
f 632 630 629
f 589 586 629
f 625 629 623
f 633 634 627
f 633 635 634
f 633 636 635
f 633 637 636
f 627 623 633
f 590 589 638
f 638 639 590
f 630 632 640
f 638 589 630
f 640 638 630
f 631 641 640
f 631 642 641
f 640 632 631
f 637 618 617
f 637 622 618
f 636 621 620
f 636 617 621
f 620 634 635
f 634 619 613
f 634 620 619
f 613 628 627
f 626 643 642
f 642 625 624
f 642 624 626
f 642 631 625
f 628 644 643
f 628 645 644
f 628 646 647
f 647 645 628
f 628 648 649
f 649 650 628
f 650 646 628
f 613 651 652
f 652 628 613
f 613 653 651
f 613 654 655
f 613 656 654
f 655 653 613
f 616 615 657
f 658 612 616
f 658 613 612
f 657 658 616
f 658 659 613
f 659 656 613
f 652 648 628
f 615 660 661
f 615 662 660
f 662 615 614
f 614 663 662
f 663 614 611
f 611 664 663
f 664 611 609
f 665 609 608
f 608 666 665
f 608 667 668
f 668 669 608
f 608 670 671
f 671 667 608
f 608 672 670
f 669 666 608
f 608 592 673
f 592 674 673
f 673 675 608
f 592 676 677
f 677 674 592
f 592 678 679
f 592 680 678
f 592 681 682
f 682 680 592
f 594 683 684
f 684 592 594
f 588 685 683
f 683 594 588
f 588 587 685
f 587 590 685
f 684 681 592
f 679 676 592
f 675 672 608
f 606 597 598
f 606 585 584
f 584 597 606
f 593 607 606
f 598 593 606
f 592 608 607
f 593 592 607
f 609 665 664
f 661 657 615
f 626 628 643
f 613 627 634
f 620 635 636
f 617 636 637
f 639 685 590
f 686 687 638
f 688 686 640
f 689 642 643
f 689 688 641
f 641 642 689
f 690 689 644
f 644 645 690
f 691 646 650
f 691 690 647
f 647 646 691
f 692 691 649
f 649 648 692
f 692 653 655
f 692 651 653
f 692 652 651
f 693 654 656
f 693 655 654
f 694 659 658
f 694 656 659
f 695 657 661
f 695 658 657
f 696 660 662
f 696 661 660
f 697 662 663
f 663 698 697
f 662 697 696
f 661 696 695
f 658 695 694
f 656 694 693
f 655 693 692
f 648 652 692
f 650 649 691
f 645 647 690
f 643 644 689
f 640 641 688
f 638 640 686
f 698 663 664
f 699 665 666
f 699 664 665
f 700 669 668
f 700 666 669
f 701 667 671
f 701 668 667
f 702 670 672
f 702 671 670
f 703 672 675
f 675 704 703
f 704 673 674
f 674 705 704
f 706 705 677
f 677 676 706
f 707 706 679
f 679 678 707
f 678 680 707
f 708 707 682
f 682 681 708
f 709 683 685
f 709 708 684
f 684 683 709
f 687 709 639
f 639 638 687
f 685 639 709
f 681 684 708
f 680 682 707
f 676 679 706
f 674 677 705
f 675 673 704
f 672 703 702
f 671 702 701
f 668 701 700
f 666 700 699
f 664 699 698
f 710 711 712
f 712 713 710
f 710 714 711
f 715 716 717
f 715 610 718
f 610 719 720
f 622 721 722
f 713 723 622
f 710 724 714
f 710 725 726
f 715 727 728
f 715 729 716
f 720 718 610
f 722 610 622
f 723 721 622
f 622 637 713
f 713 730 731
f 726 724 710
f 715 732 733
f 717 727 715
f 722 719 610
f 731 723 713
f 710 734 725
f 733 710 715
f 718 729 715
f 712 730 713
f 728 732 715
f 735 713 637
f 733 734 710
f 637 633 735
f 736 737 738
f 739 738 740
f 741 740 742
f 743 742 744
f 745 744 746
f 747 746 713
f 713 735 747
f 746 747 745
f 744 745 743
f 742 743 741
f 740 741 739
f 738 739 736
f 748 749 750
f 751 750 752
f 753 752 754
f 755 754 756
f 757 756 758
f 759 758 715
f 715 710 759
f 758 759 757
f 756 757 755
f 754 755 753
f 752 753 751
f 750 751 748
f 760 761 749
f 749 748 760
f 737 713 746
f 742 740 738
f 746 744 737
f 748 757 759
f 744 742 737
f 737 748 710
f 748 755 757
f 748 751 753
f 710 713 737
f 753 755 748
f 737 762 760
f 759 710 748
f 738 737 742
f 762 763 760
f 762 764 763
f 760 748 737
f 765 733 732
f 787 732 728
f 788 728 727
f 789 727 717
f 790 717 716
f 791 716 729
f 792 729 718
f 793 718 720
f 794 720 719
f 795 719 722
f 796 722 721
f 766 765 787
f 797 787 788
f 798 788 789
f 799 789 790
f 800 790 791
f 801 791 792
f 802 792 793
f 803 793 794
f 804 794 795
f 805 795 796
f 806 796 767
f 768 766 797
f 807 797 798
f 808 798 799
f 809 799 800
f 810 800 801
f 811 801 802
f 812 802 803
f 813 803 804
f 814 804 805
f 815 805 806
f 816 806 769
f 770 768 807
f 817 807 808
f 818 808 809
f 819 809 810
f 820 810 811
f 821 811 812
f 822 812 813
f 823 813 814
f 824 814 815
f 825 815 816
f 826 816 771
f 772 770 817
f 827 817 818
f 828 818 819
f 829 819 820
f 830 820 821
f 831 821 822
f 832 822 823
f 833 823 824
f 834 824 825
f 835 825 826
f 836 826 773
f 774 772 827
f 775 827 828
f 776 828 829
f 777 829 830
f 778 830 831
f 779 831 832
f 780 832 833
f 781 833 834
f 782 834 835
f 783 835 836
f 784 836 785
f 785 786 784
f 836 784 783
f 835 783 782
f 834 782 781
f 833 781 780
f 832 780 779
f 831 779 778
f 830 778 777
f 829 777 776
f 828 776 775
f 827 775 774
f 773 785 836
f 826 836 835
f 825 835 834
f 824 834 833
f 823 833 832
f 822 832 831
f 821 831 830
f 820 830 829
f 819 829 828
f 818 828 827
f 817 827 772
f 771 773 826
f 816 826 825
f 815 825 824
f 814 824 823
f 813 823 822
f 812 822 821
f 811 821 820
f 810 820 819
f 809 819 818
f 808 818 817
f 807 817 770
f 769 771 816
f 806 816 815
f 805 815 814
f 804 814 813
f 803 813 812
f 802 812 811
f 801 811 810
f 800 810 809
f 799 809 808
f 798 808 807
f 797 807 768
f 767 769 806
f 796 806 805
f 795 805 804
f 794 804 803
f 793 803 802
f 792 802 801
f 791 801 800
f 790 800 799
f 789 799 798
f 788 798 797
f 787 797 766
f 721 767 796
f 722 796 795
f 719 795 794
f 720 794 793
f 718 793 792
f 729 792 791
f 716 791 790
f 717 790 789
f 727 789 788
f 728 788 787
f 732 787 765
f 767 721 723
f 847 723 731
f 848 731 730
f 849 730 712
f 850 712 711
f 851 711 714
f 852 714 724
f 853 724 726
f 854 726 725
f 855 725 734
f 856 734 733
f 769 767 847
f 857 847 848
f 858 848 849
f 859 849 850
f 860 850 851
f 861 851 852
f 862 852 853
f 863 853 854
f 864 854 855
f 865 855 856
f 866 856 765
f 771 769 857
f 867 857 858
f 868 858 859
f 869 859 860
f 870 860 861
f 871 861 862
f 872 862 863
f 873 863 864
f 874 864 865
f 875 865 866
f 876 866 766
f 773 771 867
f 877 867 868
f 878 868 869
f 879 869 870
f 880 870 871
f 881 871 872
f 882 872 873
f 883 873 874
f 884 874 875
f 885 875 876
f 886 876 768
f 785 773 877
f 887 877 878
f 888 878 879
f 889 879 880
f 890 880 881
f 891 881 882
f 892 882 883
f 893 883 884
f 894 884 885
f 895 885 886
f 896 886 770
f 786 785 887
f 837 887 888
f 838 888 889
f 839 889 890
f 840 890 891
f 841 891 892
f 842 892 893
f 843 893 894
f 844 894 895
f 845 895 896
f 846 896 772
f 772 774 846
f 896 846 845
f 895 845 844
f 894 844 843
f 893 843 842
f 892 842 841
f 891 841 840
f 890 840 839
f 889 839 838
f 888 838 837
f 887 837 786
f 770 772 896
f 886 896 895
f 885 895 894
f 884 894 893
f 883 893 892
f 882 892 891
f 881 891 890
f 880 890 889
f 879 889 888
f 878 888 887
f 877 887 785
f 768 770 886
f 876 886 885
f 875 885 884
f 874 884 883
f 873 883 882
f 872 882 881
f 871 881 880
f 870 880 879
f 869 879 878
f 868 878 877
f 867 877 773
f 766 768 876
f 866 876 875
f 865 875 874
f 864 874 873
f 863 873 872
f 862 872 871
f 861 871 870
f 860 870 869
f 859 869 868
f 858 868 867
f 857 867 771
f 765 766 866
f 856 866 865
f 855 865 864
f 854 864 863
f 853 863 862
f 852 862 861
f 851 861 860
f 850 860 859
f 849 859 858
f 848 858 857
f 847 857 769
f 733 765 856
f 734 856 855
f 725 855 854
f 726 854 853
f 724 853 852
f 714 852 851
f 711 851 850
f 712 850 849
f 730 849 848
f 731 848 847
f 723 847 767
f 897 898 786
f 899 897 837
f 900 899 838
f 901 900 839
f 902 901 840
f 903 902 841
f 904 903 842
f 905 904 843
f 906 905 844
f 907 906 845
f 908 907 846
f 846 774 908
f 845 846 907
f 844 845 906
f 843 844 905
f 842 843 904
f 841 842 903
f 840 841 902
f 839 840 901
f 838 839 900
f 837 838 899
f 786 837 897
f 909 908 774
f 910 909 775
f 911 910 776
f 912 911 777
f 913 912 778
f 914 913 779
f 915 914 780
f 916 915 781
f 917 916 782
f 918 917 783
f 898 918 784
f 784 786 898
f 783 784 918
f 782 783 917
f 781 782 916
f 780 781 915
f 779 780 914
f 778 779 913
f 777 778 912
f 776 777 911
f 775 776 910
f 774 775 909
f 919 920 921
f 941 921 922
f 942 922 923
f 943 923 924
f 944 924 925
f 945 925 926
f 946 926 927
f 947 927 928
f 948 928 929
f 949 929 930
f 950 930 931
f 932 919 941
f 951 941 942
f 952 942 943
f 953 943 944
f 954 944 945
f 955 945 946
f 956 946 947
f 957 947 948
f 958 948 949
f 959 949 950
f 960 950 933
f 934 932 951
f 961 951 952
f 962 952 953
f 963 953 954
f 964 954 955
f 965 955 956
f 966 956 957
f 967 957 958
f 968 958 959
f 969 959 960
f 970 960 935
f 936 934 961
f 971 961 962
f 972 962 963
f 973 963 964
f 974 964 965
f 975 965 966
f 976 966 967
f 977 967 968
f 978 968 969
f 979 969 970
f 980 970 937
f 938 936 971
f 981 971 972
f 982 972 973
f 983 973 974
f 984 974 975
f 985 975 976
f 986 976 977
f 987 977 978
f 988 978 979
f 989 979 980
f 990 980 939
f 898 938 981
f 918 981 982
f 917 982 983
f 916 983 984
f 915 984 985
f 914 985 986
f 913 986 987
f 912 987 988
f 911 988 989
f 910 989 990
f 909 990 940
f 940 908 909
f 990 909 910
f 989 910 911
f 988 911 912
f 987 912 913
f 986 913 914
f 985 914 915
f 984 915 916
f 983 916 917
f 982 917 918
f 981 918 898
f 939 940 990
f 980 990 989
f 979 989 988
f 978 988 987
f 977 987 986
f 976 986 985
f 975 985 984
f 974 984 983
f 973 983 982
f 972 982 981
f 971 981 938
f 937 939 980
f 970 980 979
f 969 979 978
f 968 978 977
f 967 977 976
f 966 976 975
f 965 975 974
f 964 974 973
f 963 973 972
f 962 972 971
f 961 971 936
f 935 937 970
f 960 970 969
f 959 969 968
f 958 968 967
f 957 967 966
f 956 966 965
f 955 965 964
f 954 964 963
f 953 963 962
f 952 962 961
f 951 961 934
f 933 935 960
f 950 960 959
f 949 959 958
f 948 958 957
f 947 957 956
f 946 956 955
f 945 955 954
f 944 954 953
f 943 953 952
f 942 952 951
f 941 951 932
f 931 933 950
f 930 950 949
f 929 949 948
f 928 948 947
f 927 947 946
f 926 946 945
f 925 945 944
f 924 944 943
f 923 943 942
f 922 942 941
f 921 941 919
f 933 931 991
f 1001 991 992
f 1002 992 993
f 1003 993 994
f 1004 994 995
f 1005 995 996
f 1006 996 997
f 1007 997 998
f 1008 998 999
f 1009 999 1000
f 1010 1000 920
f 935 933 1001
f 1011 1001 1002
f 1012 1002 1003
f 1013 1003 1004
f 1014 1004 1005
f 1015 1005 1006
f 1016 1006 1007
f 1017 1007 1008
f 1018 1008 1009
f 1019 1009 1010
f 1020 1010 919
f 937 935 1011
f 1021 1011 1012
f 1022 1012 1013
f 1023 1013 1014
f 1024 1014 1015
f 1025 1015 1016
f 1026 1016 1017
f 1027 1017 1018
f 1028 1018 1019
f 1029 1019 1020
f 1030 1020 932
f 939 937 1021
f 1031 1021 1022
f 1032 1022 1023
f 1033 1023 1024
f 1034 1024 1025
f 1035 1025 1026
f 1036 1026 1027
f 1037 1027 1028
f 1038 1028 1029
f 1039 1029 1030
f 1040 1030 934
f 940 939 1031
f 1041 1031 1032
f 1042 1032 1033
f 1043 1033 1034
f 1044 1034 1035
f 1045 1035 1036
f 1046 1036 1037
f 1047 1037 1038
f 1048 1038 1039
f 1049 1039 1040
f 1050 1040 936
f 908 940 1041
f 907 1041 1042
f 906 1042 1043
f 905 1043 1044
f 904 1044 1045
f 903 1045 1046
f 902 1046 1047
f 901 1047 1048
f 900 1048 1049
f 899 1049 1050
f 897 1050 938
f 938 898 897
f 1050 897 899
f 1049 899 900
f 1048 900 901
f 1047 901 902
f 1046 902 903
f 1045 903 904
f 1044 904 905
f 1043 905 906
f 1042 906 907
f 1041 907 908
f 936 938 1050
f 1040 1050 1049
f 1039 1049 1048
f 1038 1048 1047
f 1037 1047 1046
f 1036 1046 1045
f 1035 1045 1044
f 1034 1044 1043
f 1033 1043 1042
f 1032 1042 1041
f 1031 1041 940
f 934 936 1040
f 1030 1040 1039
f 1029 1039 1038
f 1028 1038 1037
f 1027 1037 1036
f 1026 1036 1035
f 1025 1035 1034
f 1024 1034 1033
f 1023 1033 1032
f 1022 1032 1031
f 1021 1031 939
f 932 934 1030
f 1020 1030 1029
f 1019 1029 1028
f 1018 1028 1027
f 1017 1027 1026
f 1016 1026 1025
f 1015 1025 1024
f 1014 1024 1023
f 1013 1023 1022
f 1012 1022 1021
f 1011 1021 937
f 919 932 1020
f 1010 1020 1019
f 1009 1019 1018
f 1008 1018 1017
f 1007 1017 1016
f 1006 1016 1015
f 1005 1015 1014
f 1004 1014 1013
f 1003 1013 1012
f 1002 1012 1011
f 1001 1011 935
f 920 919 1010
f 1000 1010 1009
f 999 1009 1008
f 998 1008 1007
f 997 1007 1006
f 996 1006 1005
f 995 1005 1004
f 994 1004 1003
f 993 1003 1002
f 992 1002 1001
f 991 1001 933
f 760 763 1051
f 1052 1051 1053
f 763 764 1053
f 1053 1051 763
f 1054 1055 1056
f 1055 1057 1058
f 1057 1059 1060
f 1059 1061 1062
f 1061 1063 1064
f 1064 1062 1061
f 1062 1060 1059
f 1060 1058 1057
f 1058 1056 1055
f 1056 1052 1054
f 1053 1054 1052
f 1051 761 760
f 1065 1066 1067
f 1068 1067 1069
f 1070 1069 1071
f 1072 1071 1073
f 1074 1073 1075
f 1076 1075 1077
f 1078 1077 1079
f 1080 1079 1081
f 1082 1081 1083
f 1084 1083 1085
f 1086 1085 1064
f 1064 1063 1086
f 1085 1086 1084
f 1083 1084 1082
f 1081 1082 1080
f 1079 1080 1078
f 1077 1078 1076
f 1075 1076 1074
f 1073 1074 1072
f 1071 1072 1070
f 1069 1070 1068
f 1067 1068 1065
f 764 995 994
f 764 996 995
f 1087 997 996
f 996 764 1087
f 1087 999 998
f 998 997 1087
f 1088 921 920
f 764 993 992
f 1087 1000 999
f 920 1087 1088
f 1088 923 922
f 994 993 764
f 922 921 1088
f 1088 925 924
f 1088 1053 926
f 1053 929 928
f 920 1000 1087
f 926 925 1088
f 928 927 1053
f 924 923 1088
f 1053 930 929
f 927 926 1053
f 764 991 931
f 1053 931 930
f 992 991 764
f 762 1089 1087
f 1087 764 762
f 931 1053 764
f 1088 1087 1090
f 1090 1091 1088
f 1092 1093 1091
f 1091 1090 1092
f 1089 1092 1090
f 1090 1087 1089
f 737 1092 1089
f 736 1093 1092
f 1092 737 736
f 1094 1095 1093
f 1093 736 1094
f 1089 762 737
f 1096 1097 1098
f 1099 1066 1065
f 1100 1099 1101
f 1102 1100 1103
f 1104 1102 1105
f 1106 1104 1107
f 1098 1097 1108
f 1106 1109 1108
f 1108 1097 1106
f 1108 1110 1098
f 1107 1109 1106
f 1105 1107 1104
f 1103 1105 1102
f 1101 1103 1100
f 1065 1101 1099
f 1098 1111 1096
f 1112 1096 1111
f 1111 1113 1112
f 1112 1113 1114
f 1115 1114 1116
f 1117 1116 1118
f 1119 1118 1120
f 1121 1120 1122
f 1123 1122 1124
f 1124 1125 1123
f 1122 1123 1121
f 1120 1121 1119
f 1118 1119 1117
f 1116 1117 1115
f 1114 1115 1112
f 1113 1122 1120
f 1113 1118 1116
f 1113 1124 1122
f 1126 1127 1128
f 1120 1118 1113
f 1113 1126 1129
f 1126 1130 1127
f 1130 1126 1131
f 1129 1124 1113
f 1131 1132 1130
f 1128 1129 1126
f 1126 1113 1111
f 1111 1133 1126
f 1116 1114 1113
f 1111 1098 1133
f 1098 1110 1133
f 1126 1134 1135
f 1131 1135 1136
f 1132 1136 1137
f 1130 1137 1138
f 1127 1138 1139
f 1128 1139 1140
f 1140 1129 1128
f 1139 1128 1127
f 1138 1127 1130
f 1137 1130 1132
f 1136 1132 1131
f 1135 1131 1126
f 1134 1126 1141
f 1126 1133 1142
f 1143 1134 1144
f 1142 1141 1126
f 1141 1144 1134
f 1144 1145 1143
f 1141 1142 1146
f 1146 1147 1141
f 1148 1149 1147
f 1147 1146 1148
f 1144 1141 1147
f 1147 1149 1144
f 1146 1110 1150
f 1150 1151 1146
f 1110 1152 1150
f 1108 1153 1154
f 1148 1155 1153
f 1148 1156 1157
f 1148 1146 1158
f 1110 1159 1152
f 1110 1160 1161
f 1108 1162 1163
f 1153 1108 1148
f 1157 1164 1148
f 1158 1165 1148
f 1146 1166 1167
f 1161 1159 1110
f 1110 1108 1168
f 1154 1162 1108
f 1165 1156 1148
f 1167 1169 1146
f 1110 1170 1160
f 1108 1171 1168
f 1164 1155 1148
f 1151 1166 1146
f 1163 1171 1108
f 1133 1110 1146
f 1168 1170 1110
f 1169 1158 1146
f 1146 1142 1133
f 1172 1168 1171
f 1194 1171 1163
f 1195 1163 1162
f 1196 1162 1154
f 1197 1154 1153
f 1198 1153 1155
f 1199 1155 1164
f 1200 1164 1157
f 1201 1157 1156
f 1202 1156 1165
f 1203 1165 1158
f 1173 1172 1194
f 1204 1194 1195
f 1205 1195 1196
f 1206 1196 1197
f 1207 1197 1198
f 1208 1198 1199
f 1209 1199 1200
f 1210 1200 1201
f 1211 1201 1202
f 1212 1202 1203
f 1213 1203 1174
f 1175 1173 1204
f 1214 1204 1205
f 1215 1205 1206
f 1216 1206 1207
f 1217 1207 1208
f 1218 1208 1209
f 1219 1209 1210
f 1220 1210 1211
f 1221 1211 1212
f 1222 1212 1213
f 1223 1213 1176
f 1177 1175 1214
f 1224 1214 1215
f 1225 1215 1216
f 1226 1216 1217
f 1227 1217 1218
f 1228 1218 1219
f 1229 1219 1220
f 1230 1220 1221
f 1231 1221 1222
f 1232 1222 1223
f 1233 1223 1178
f 1179 1177 1224
f 1234 1224 1225
f 1235 1225 1226
f 1236 1226 1227
f 1237 1227 1228
f 1238 1228 1229
f 1239 1229 1230
f 1240 1230 1231
f 1241 1231 1232
f 1242 1232 1233
f 1243 1233 1180
f 1181 1179 1234
f 1182 1234 1235
f 1183 1235 1236
f 1184 1236 1237
f 1185 1237 1238
f 1186 1238 1239
f 1187 1239 1240
f 1188 1240 1241
f 1189 1241 1242
f 1190 1242 1243
f 1191 1243 1192
f 1192 1193 1191
f 1243 1191 1190
f 1242 1190 1189
f 1241 1189 1188
f 1240 1188 1187
f 1239 1187 1186
f 1238 1186 1185
f 1237 1185 1184
f 1236 1184 1183
f 1235 1183 1182
f 1234 1182 1181
f 1180 1192 1243
f 1233 1243 1242
f 1232 1242 1241
f 1231 1241 1240
f 1230 1240 1239
f 1229 1239 1238
f 1228 1238 1237
f 1227 1237 1236
f 1226 1236 1235
f 1225 1235 1234
f 1224 1234 1179
f 1178 1180 1233
f 1223 1233 1232
f 1222 1232 1231
f 1221 1231 1230
f 1220 1230 1229
f 1219 1229 1228
f 1218 1228 1227
f 1217 1227 1226
f 1216 1226 1225
f 1215 1225 1224
f 1214 1224 1177
f 1176 1178 1223
f 1213 1223 1222
f 1212 1222 1221
f 1211 1221 1220
f 1210 1220 1219
f 1209 1219 1218
f 1208 1218 1217
f 1207 1217 1216
f 1206 1216 1215
f 1205 1215 1214
f 1204 1214 1175
f 1174 1176 1213
f 1203 1213 1212
f 1202 1212 1211
f 1201 1211 1210
f 1200 1210 1209
f 1199 1209 1208
f 1198 1208 1207
f 1197 1207 1206
f 1196 1206 1205
f 1195 1205 1204
f 1194 1204 1173
f 1158 1174 1203
f 1165 1203 1202
f 1156 1202 1201
f 1157 1201 1200
f 1164 1200 1199
f 1155 1199 1198
f 1153 1198 1197
f 1154 1197 1196
f 1162 1196 1195
f 1163 1195 1194
f 1171 1194 1172
f 1174 1158 1169
f 1254 1169 1167
f 1255 1167 1166
f 1256 1166 1151
f 1257 1151 1150
f 1258 1150 1152
f 1259 1152 1159
f 1260 1159 1161
f 1261 1161 1160
f 1262 1160 1170
f 1263 1170 1168
f 1176 1174 1254
f 1264 1254 1255
f 1265 1255 1256
f 1266 1256 1257
f 1267 1257 1258
f 1268 1258 1259
f 1269 1259 1260
f 1270 1260 1261
f 1271 1261 1262
f 1272 1262 1263
f 1273 1263 1172
f 1178 1176 1264
f 1274 1264 1265
f 1275 1265 1266
f 1276 1266 1267
f 1277 1267 1268
f 1278 1268 1269
f 1279 1269 1270
f 1280 1270 1271
f 1281 1271 1272
f 1282 1272 1273
f 1283 1273 1173
f 1180 1178 1274
f 1284 1274 1275
f 1285 1275 1276
f 1286 1276 1277
f 1287 1277 1278
f 1288 1278 1279
f 1289 1279 1280
f 1290 1280 1281
f 1291 1281 1282
f 1292 1282 1283
f 1293 1283 1175
f 1192 1180 1284
f 1294 1284 1285
f 1295 1285 1286
f 1296 1286 1287
f 1297 1287 1288
f 1298 1288 1289
f 1299 1289 1290
f 1300 1290 1291
f 1301 1291 1292
f 1302 1292 1293
f 1303 1293 1177
f 1193 1192 1294
f 1244 1294 1295
f 1245 1295 1296
f 1246 1296 1297
f 1247 1297 1298
f 1248 1298 1299
f 1249 1299 1300
f 1250 1300 1301
f 1251 1301 1302
f 1252 1302 1303
f 1253 1303 1179
f 1179 1181 1253
f 1303 1253 1252
f 1302 1252 1251
f 1301 1251 1250
f 1300 1250 1249
f 1299 1249 1248
f 1298 1248 1247
f 1297 1247 1246
f 1296 1246 1245
f 1295 1245 1244
f 1294 1244 1193
f 1177 1179 1303
f 1293 1303 1302
f 1292 1302 1301
f 1291 1301 1300
f 1290 1300 1299
f 1289 1299 1298
f 1288 1298 1297
f 1287 1297 1296
f 1286 1296 1295
f 1285 1295 1294
f 1284 1294 1192
f 1175 1177 1293
f 1283 1293 1292
f 1282 1292 1291
f 1281 1291 1290
f 1280 1290 1289
f 1279 1289 1288
f 1278 1288 1287
f 1277 1287 1286
f 1276 1286 1285
f 1275 1285 1284
f 1274 1284 1180
f 1173 1175 1283
f 1273 1283 1282
f 1272 1282 1281
f 1271 1281 1280
f 1270 1280 1279
f 1269 1279 1278
f 1268 1278 1277
f 1267 1277 1276
f 1266 1276 1275
f 1265 1275 1274
f 1264 1274 1178
f 1172 1173 1273
f 1263 1273 1272
f 1262 1272 1271
f 1261 1271 1270
f 1260 1270 1269
f 1259 1269 1268
f 1258 1268 1267
f 1257 1267 1266
f 1256 1266 1265
f 1255 1265 1264
f 1254 1264 1176
f 1168 1172 1263
f 1170 1263 1262
f 1160 1262 1261
f 1161 1261 1260
f 1159 1260 1259
f 1152 1259 1258
f 1150 1258 1257
f 1151 1257 1256
f 1166 1256 1255
f 1167 1255 1254
f 1169 1254 1174
f 1193 1244 1304
f 1244 1305 1304
f 1245 1306 1307
f 1307 1244 1245
f 1246 1308 1309
f 1309 1245 1246
f 1247 1310 1311
f 1311 1246 1247
f 1248 1312 1313
f 1313 1247 1248
f 1249 1314 1315
f 1315 1248 1249
f 1249 1250 1316
f 1250 1317 1316
f 1250 1251 1318
f 1251 1319 1318
f 1251 1252 1320
f 1252 1321 1320
f 1252 1253 1322
f 1253 1323 1322
f 1253 1181 1324
f 1181 1325 1324
f 1324 1323 1253
f 1322 1321 1252
f 1320 1319 1251
f 1318 1317 1250
f 1316 1314 1249
f 1315 1312 1248
f 1313 1310 1247
f 1311 1308 1246
f 1309 1306 1245
f 1307 1305 1244
f 1304 1326 1193
f 1327 1328 1329
f 1360 1329 1330
f 1361 1330 1331
f 1362 1331 1332
f 1363 1332 1333
f 1364 1333 1334
f 1365 1334 1335
f 1366 1335 1336
f 1367 1336 1337
f 1368 1337 1338
f 1369 1338 1339
f 1340 1327 1360
f 1370 1360 1361
f 1371 1361 1362
f 1372 1362 1363
f 1373 1363 1364
f 1374 1364 1365
f 1375 1365 1366
f 1376 1366 1367
f 1377 1367 1368
f 1378 1368 1369
f 1379 1369 1341
f 1342 1340 1370
f 1380 1370 1371
f 1381 1371 1372
f 1382 1372 1373
f 1383 1373 1374
f 1384 1374 1375
f 1385 1375 1376
f 1386 1376 1377
f 1387 1377 1378
f 1388 1378 1379
f 1389 1379 1343
f 1344 1342 1380
f 1390 1380 1381
f 1391 1381 1382
f 1392 1382 1383
f 1393 1383 1384
f 1394 1384 1385
f 1395 1385 1386
f 1396 1386 1387
f 1397 1387 1388
f 1398 1388 1389
f 1399 1389 1345
f 1346 1344 1390
f 1400 1390 1391
f 1401 1391 1392
f 1402 1392 1393
f 1403 1393 1394
f 1404 1394 1395
f 1405 1395 1396
f 1406 1396 1397
f 1407 1397 1398
f 1408 1398 1399
f 1409 1399 1347
f 1400 1348 1349
f 1349 1346 1400
f 1401 1350 1351
f 1351 1400 1401
f 1401 1402 1352
f 1402 1353 1352
f 1403 1354 1355
f 1355 1402 1403
f 1404 1356 1357
f 1357 1403 1404
f 1404 1405 1325
f 1405 1324 1325
f 1405 1406 1323
f 1406 1322 1323
f 1407 1320 1321
f 1321 1406 1407
f 1408 1318 1319
f 1319 1407 1408
f 1408 1409 1317
f 1409 1316 1317
f 1409 1358 1314
f 1358 1315 1314
f 1314 1316 1409
f 1317 1318 1408
f 1319 1320 1407
f 1321 1322 1406
f 1323 1324 1405
f 1325 1356 1404
f 1357 1354 1403
f 1355 1353 1402
f 1352 1350 1401
f 1351 1348 1400
f 1349 1359 1346
f 1347 1358 1409
f 1399 1409 1408
f 1398 1408 1407
f 1397 1407 1406
f 1396 1406 1405
f 1395 1405 1404
f 1394 1404 1403
f 1393 1403 1402
f 1392 1402 1401
f 1391 1401 1400
f 1390 1400 1346
f 1345 1347 1399
f 1389 1399 1398
f 1388 1398 1397
f 1387 1397 1396
f 1386 1396 1395
f 1385 1395 1394
f 1384 1394 1393
f 1383 1393 1392
f 1382 1392 1391
f 1381 1391 1390
f 1380 1390 1344
f 1343 1345 1389
f 1379 1389 1388
f 1378 1388 1387
f 1377 1387 1386
f 1376 1386 1385
f 1375 1385 1384
f 1374 1384 1383
f 1373 1383 1382
f 1372 1382 1381
f 1371 1381 1380
f 1370 1380 1342
f 1341 1343 1379
f 1369 1379 1378
f 1368 1378 1377
f 1367 1377 1376
f 1366 1376 1375
f 1365 1375 1374
f 1364 1374 1373
f 1363 1373 1372
f 1362 1372 1371
f 1361 1371 1370
f 1360 1370 1340
f 1339 1341 1369
f 1338 1369 1368
f 1337 1368 1367
f 1336 1367 1366
f 1335 1366 1365
f 1334 1365 1364
f 1333 1364 1363
f 1332 1363 1362
f 1331 1362 1361
f 1330 1361 1360
f 1329 1360 1327
f 1181 1182 1356
f 1182 1357 1356
f 1183 1355 1354
f 1354 1182 1183
f 1183 1184 1353
f 1184 1352 1353
f 1184 1185 1350
f 1185 1351 1350
f 1185 1186 1348
f 1186 1349 1348
f 1187 1410 1359
f 1359 1186 1187
f 1187 1188 1411
f 1188 1412 1411
f 1189 1413 1414
f 1414 1188 1189
f 1189 1190 1415
f 1190 1416 1415
f 1190 1191 1417
f 1191 1418 1417
f 1193 1326 1419
f 1419 1191 1193
f 1419 1418 1191
f 1417 1416 1190
f 1415 1413 1189
f 1414 1412 1188
f 1411 1410 1187
f 1359 1349 1186
f 1348 1351 1185
f 1350 1352 1184
f 1353 1355 1183
f 1354 1357 1182
f 1356 1325 1181
f 1341 1339 1420
f 1430 1420 1421
f 1431 1421 1422
f 1432 1422 1423
f 1433 1423 1424
f 1434 1424 1425
f 1435 1425 1426
f 1436 1426 1427
f 1437 1427 1428
f 1438 1428 1429
f 1439 1429 1328
f 1343 1341 1430
f 1440 1430 1431
f 1441 1431 1432
f 1442 1432 1433
f 1443 1433 1434
f 1444 1434 1435
f 1445 1435 1436
f 1446 1436 1437
f 1447 1437 1438
f 1448 1438 1439
f 1449 1439 1327
f 1345 1343 1440
f 1450 1440 1441
f 1451 1441 1442
f 1452 1442 1443
f 1453 1443 1444
f 1454 1444 1445
f 1455 1445 1446
f 1456 1446 1447
f 1457 1447 1448
f 1458 1448 1449
f 1459 1449 1340
f 1347 1345 1450
f 1460 1450 1451
f 1461 1451 1452
f 1462 1452 1453
f 1463 1453 1454
f 1464 1454 1455
f 1465 1455 1456
f 1466 1456 1457
f 1467 1457 1458
f 1468 1458 1459
f 1469 1459 1342
f 1358 1347 1460
f 1470 1460 1461
f 1471 1461 1462
f 1472 1462 1463
f 1473 1463 1464
f 1474 1464 1465
f 1475 1465 1466
f 1476 1466 1467
f 1477 1467 1468
f 1478 1468 1469
f 1479 1469 1344
f 1470 1313 1312
f 1312 1358 1470
f 1470 1471 1310
f 1471 1311 1310
f 1471 1472 1308
f 1472 1309 1308
f 1473 1307 1306
f 1306 1472 1473
f 1474 1304 1305
f 1305 1473 1474
f 1475 1419 1326
f 1326 1474 1475
f 1475 1476 1418
f 1476 1417 1418
f 1477 1415 1416
f 1416 1476 1477
f 1478 1414 1413
f 1413 1477 1478
f 1479 1411 1412
f 1412 1478 1479
f 1479 1346 1410
f 1346 1359 1410
f 1410 1411 1479
f 1412 1414 1478
f 1413 1415 1477
f 1416 1417 1476
f 1418 1419 1475
f 1326 1304 1474
f 1305 1307 1473
f 1306 1309 1472
f 1308 1311 1471
f 1310 1313 1470
f 1312 1315 1358
f 1344 1346 1479
f 1469 1479 1478
f 1468 1478 1477
f 1467 1477 1476
f 1466 1476 1475
f 1465 1475 1474
f 1464 1474 1473
f 1463 1473 1472
f 1462 1472 1471
f 1461 1471 1470
f 1460 1470 1358
f 1342 1344 1469
f 1459 1469 1468
f 1458 1468 1467
f 1457 1467 1466
f 1456 1466 1465
f 1455 1465 1464
f 1454 1464 1463
f 1453 1463 1462
f 1452 1462 1461
f 1451 1461 1460
f 1450 1460 1347
f 1340 1342 1459
f 1449 1459 1458
f 1448 1458 1457
f 1447 1457 1456
f 1446 1456 1455
f 1445 1455 1454
f 1444 1454 1453
f 1443 1453 1452
f 1442 1452 1451
f 1441 1451 1450
f 1440 1450 1345
f 1327 1340 1449
f 1439 1449 1448
f 1438 1448 1447
f 1437 1447 1446
f 1436 1446 1445
f 1435 1445 1444
f 1434 1444 1443
f 1433 1443 1442
f 1432 1442 1441
f 1431 1441 1440
f 1430 1440 1343
f 1328 1327 1439
f 1429 1439 1438
f 1428 1438 1437
f 1427 1437 1436
f 1426 1436 1435
f 1425 1435 1434
f 1424 1434 1433
f 1423 1433 1432
f 1422 1432 1431
f 1421 1431 1430
f 1420 1430 1341
f 1124 1334 1333
f 1423 1129 1480
f 1481 1125 1429
f 1333 1125 1124
f 1124 1337 1336
f 1129 1421 1420
f 1129 1423 1422
f 1129 1482 1480
f 1125 1328 1429
f 1125 1331 1330
f 1333 1332 1125
f 1336 1335 1124
f 1422 1421 1129
f 1480 1425 1424
f 1125 1329 1328
f 1332 1331 1125
f 1124 1338 1337
f 1420 1124 1129
f 1480 1426 1425
f 1480 1428 1427
f 1330 1329 1125
f 1124 1339 1338
f 1480 1424 1423
f 1480 1429 1428
f 1335 1334 1124
f 1427 1426 1480
f 1420 1339 1124
f 1140 1483 1482
f 1482 1129 1140
f 1429 1480 1481
f 1484 1481 1485
f 1481 1486 1487
f 1487 1485 1481
f 1481 1488 1489
f 1489 1486 1481
f 1485 1490 1484
f 1481 1491 1492
f 1481 1493 1494
f 1492 1488 1481
f 1481 1495 1493
f 1494 1491 1481
f 1481 1480 1495
f 1490 1496 1484
f 1497 1498 1499
f 1497 1500 1498
f 1497 1501 1502
f 1502 1500 1497
f 1503 1504 1505
f 1505 1506 1503
f 1503 1497 1507
f 1507 1504 1503
f 1483 1508 1509
f 1483 1503 1510
f 1510 1511 1483
f 1511 1512 1483
f 1512 1508 1483
f 1509 1482 1483
f 1506 1510 1503
f 1499 1507 1497
f 1484 1496 1513
f 1513 1514 1484
f 1515 1514 1516
f 1517 1518 1515
f 1519 1520 1518
f 1521 1522 1520
f 1523 1524 1522
f 1525 1526 1524
f 1526 1527 1528
f 1526 1525 1527
f 1528 1529 1526
f 1530 1529 1531
f 1531 1532 1530
f 1532 1533 1530
f 1533 1534 1530
f 1501 1535 1536
f 1501 1530 1537
f 1537 1535 1501
f 1536 1502 1501
f 1534 1537 1530
f 1528 1531 1529
f 1524 1523 1525
f 1522 1521 1523
f 1520 1519 1521
f 1518 1517 1519
f 1515 1538 1517
f 1516 1538 1515
f 1513 1516 1514
f 1538 1521 1519
f 1538 1525 1523
f 1523 1521 1538
f 1519 1517 1538
f 1516 1527 1525
f 1538 1516 1525
f 1539 1540 1487
f 1487 1486 1539
f 1541 1539 1486
f 1486 1489 1541
f 1489 1542 1543
f 1543 1541 1489
f 1495 1480 1482
f 1482 1509 1495
f 1508 1512 1494
f 1494 1493 1508
f 1493 1495 1508
f 1492 1510 1506
f 1511 1510 1492
f 1492 1491 1511
f 1491 1494 1511
f 1488 1544 1542
f 1542 1489 1488
f 1492 1545 1544
f 1492 1546 1545
f 1492 1547 1548
f 1548 1546 1492
f 1492 1549 1547
f 1505 1550 1551
f 1551 1492 1505
f 1505 1552 1550
f 1551 1553 1492
f 1505 1554 1555
f 1505 1556 1557
f 1504 1507 1558
f 1556 1505 1504
f 1558 1556 1504
f 1507 1499 1558
f 1499 1498 1558
f 1557 1559 1505
f 1559 1554 1505
f 1555 1560 1505
f 1560 1552 1505
f 1553 1549 1492
f 1498 1561 1562
f 1498 1500 1563
f 1563 1561 1498
f 1502 1564 1563
f 1563 1500 1502
f 1536 1565 1564
f 1564 1502 1536
f 1535 1566 1565
f 1536 1535 1565
f 1534 1533 1567
f 1566 1537 1534
f 1566 1535 1537
f 1533 1568 1569
f 1569 1570 1533
f 1533 1571 1572
f 1572 1568 1533
f 1533 1573 1571
f 1570 1567 1533
f 1533 1490 1574
f 1490 1575 1574
f 1574 1576 1533
f 1490 1577 1578
f 1578 1575 1490
f 1490 1579 1577
f 1490 1580 1581
f 1581 1582 1490
f 1490 1485 1583
f 1583 1584 1490
f 1485 1487 1583
f 1584 1585 1490
f 1585 1580 1490
f 1582 1579 1490
f 1576 1573 1533
f 1528 1527 1516
f 1513 1531 1528
f 1516 1513 1528
f 1513 1496 1531
f 1490 1532 1531
f 1490 1533 1532
f 1496 1490 1531
f 1567 1566 1534
f 1562 1558 1498
f 1488 1492 1544
f 1506 1505 1492
f 1512 1511 1494
f 1509 1508 1495
f 1540 1583 1487
f 1586 1564 1565
f 1587 1566 1567
f 1587 1565 1566
f 1588 1570 1569
f 1588 1567 1570
f 1589 1568 1572
f 1589 1569 1568
f 1590 1571 1573
f 1590 1572 1571
f 1591 1573 1576
f 1576 1592 1591
f 1592 1574 1575
f 1575 1593 1592
f 1594 1593 1578
f 1578 1577 1594
f 1595 1594 1579
f 1579 1582 1595
f 1596 1595 1581
f 1581 1580 1596
f 1597 1596 1585
f 1585 1584 1597
f 1584 1583 1597
f 1598 1597 1540
f 1540 1539 1598
f 1583 1540 1597
f 1580 1585 1596
f 1582 1581 1595
f 1577 1579 1594
f 1575 1578 1593
f 1576 1574 1592
f 1573 1591 1590
f 1572 1590 1589
f 1569 1589 1588
f 1567 1588 1587
f 1565 1587 1586
f 1599 1598 1539
f 1600 1599 1541
f 1601 1542 1544
f 1601 1600 1543
f 1543 1542 1601
f 1602 1601 1545
f 1545 1546 1602
f 1603 1602 1548
f 1548 1547 1603
f 1604 1603 1549
f 1549 1553 1604
f 1604 1550 1552
f 1604 1551 1550
f 1605 1560 1555
f 1605 1552 1560
f 1606 1559 1557
f 1606 1555 1554
f 1554 1559 1606
f 1607 1558 1562
f 1607 1557 1556
f 1556 1558 1607
f 1608 1561 1563
f 1608 1562 1561
f 1609 1563 1564
f 1564 1586 1609
f 1563 1609 1608
f 1562 1608 1607
f 1557 1607 1606
f 1555 1606 1605
f 1552 1605 1604
f 1553 1551 1604
f 1547 1549 1603
f 1546 1548 1602
f 1544 1545 1601
f 1541 1543 1600
f 1539 1541 1599
f 1610 1095 1611
f 1094 1612 1611
f 1611 1095 1094
f 1611 1613 1610
f 1143 1145 1614
f 1615 1616 1614
f 1614 1145 1615
f 1614 1617 1143
f 1618 1619 1617
f 1617 1614 1618
f 1620 1621 1619
f 1619 1618 1620
f 1620 1616 1613
f 1618 1614 1616
f 1622 1623 1613
f 1616 1620 1618
f 1613 1623 1620
f 1613 1611 1622
f 1622 1624 1625
f 1625 1623 1622
f 1623 1625 1621
f 1621 1620 1623
f 1611 1612 1624
f 1624 1622 1611
f 1625 752 750
f 1625 715 758
f 1621 1119 1121
f 1621 1112 1115
f 1625 754 752
f 758 756 1625
f 1121 1123 1621
f 1115 1117 1621
f 756 754 1625
f 1501 1586 1587
f 1501 1497 1609
f 1117 1119 1621
f 750 749 1625
f 1530 1587 1588
f 1609 1586 1501
f 586 687 686
f 586 591 709
f 1621 1096 1112
f 1621 1626 1104
f 1627 1056 1058
f 1625 1052 1056
f 749 761 1625
f 1587 1530 1501
f 1497 1503 1608
f 709 687 586
f 591 596 708
f 1621 1097 1096
f 1104 1106 1621
f 1056 1627 1625
f 761 1051 1625
f 1064 1085 1628
f 1529 1588 1589
f 1608 1609 1497
f 629 686 688
f 708 709 591
f 1099 1629 1630
f 1106 1097 1621
f 1626 1631 1102
f 1051 1052 1625
f 1632 1062 1064
f 1632 1058 1060
f 1526 1589 1590
f 1588 1529 1530
f 1481 1603 1604
f 623 688 689
f 686 629 586
f 1071 1069 1633
f 1067 1066 1634
f 1630 1066 1099
f 1631 1629 1100
f 1102 1104 1626
f 1621 1625 1635
f 1058 1636 1637
f 1060 1062 1632
f 1085 1083 1638
f 1589 1526 1529
f 1503 1483 1607
f 1483 1604 1605
f 1481 1602 1603
f 610 696 697
f 610 694 695
f 688 623 629
f 610 698 699
f 1073 1639 1640
f 1069 1641 1633
f 1641 1069 1067
f 1099 1100 1629
f 1123 1125 1621
f 1635 1642 1621
f 1058 1632 1636
f 1638 1628 1085
f 1081 1643 1644
f 1481 1484 1597
f 1484 1514 1595
f 1515 1594 1595
f 1522 1591 1592
f 1524 1590 1591
f 1607 1608 1503
f 1604 1483 1481
f 1481 1600 1601
f 695 696 610
f 610 633 692
f 689 633 623
f 596 595 707
f 595 599 706
f 599 600 705
f 600 601 704
f 601 602 703
f 602 603 702
f 603 604 701
f 605 700 701
f 699 605 610
f 1075 1640 1645
f 1640 1075 1073
f 1634 1641 1067
f 1100 1102 1631
f 1625 1646 1635
f 1628 1632 1064
f 1644 1083 1081
f 1484 1596 1597
f 1595 1514 1515
f 1518 1593 1594
f 1520 1592 1593
f 1591 1522 1524
f 1483 1606 1607
f 1601 1602 1481
f 1481 1598 1599
f 610 693 694
f 633 691 692
f 707 708 596
f 705 706 599
f 703 704 601
f 701 702 603
f 699 700 605
f 1073 1071 1639
f 1630 1634 1066
f 1625 1627 1646
f 1644 1638 1083
f 1595 1596 1484
f 1593 1518 1520
f 1590 1524 1526
f 1599 1600 1481
f 692 693 610
f 689 690 633
f 704 705 600
f 701 604 605
f 1633 1639 1071
f 1058 1637 1627
f 1079 1647 1643
f 1077 1645 1647
f 1594 1515 1518
f 1605 1606 1483
f 1624 745 747
f 1624 736 739
f 1619 1136 1135
f 1619 1140 1139
f 690 691 633
f 702 703 602
f 1642 1626 1621
f 1647 1079 1077
f 1592 1520 1522
f 1621 1125 1481
f 1624 743 745
f 739 741 1624
f 1619 1137 1136
f 1139 1138 1619
f 1625 633 610
f 706 707 595
f 1643 1081 1079
f 1481 1483 1621
f 741 743 1624
f 1094 736 1624
f 1143 1617 1619
f 1138 1137 1619
f 697 698 610
f 1597 1598 1481
f 1624 1612 1094
f 1624 735 633
f 1619 1621 1483
f 1135 1134 1619
f 1645 1077 1075
f 633 1625 1624
f 1619 1134 1143
f 747 735 1624
f 610 715 1625
f 1483 1140 1619
f 1648 1649 1645
f 1650 1648 1640
f 1651 1650 1639
f 1652 1651 1633
f 1653 1652 1641
f 1654 1653 1634
f 1655 1654 1630
f 1656 1655 1629
f 1657 1656 1631
f 1658 1657 1626
f 1659 1658 1642
f 1642 1635 1659
f 1626 1642 1658
f 1631 1626 1657
f 1629 1631 1656
f 1630 1629 1655
f 1634 1630 1654
f 1641 1634 1653
f 1633 1641 1652
f 1639 1633 1651
f 1640 1639 1650
f 1645 1640 1648
f 1660 1659 1635
f 1661 1660 1646
f 1662 1661 1627
f 1663 1662 1637
f 1664 1663 1636
f 1665 1664 1632
f 1666 1665 1628
f 1667 1666 1638
f 1668 1667 1644
f 1669 1668 1643
f 1649 1669 1647
f 1647 1645 1649
f 1643 1647 1669
f 1644 1643 1668
f 1638 1644 1667
f 1628 1638 1666
f 1632 1628 1665
f 1636 1632 1664
f 1637 1636 1663
f 1627 1637 1662
f 1646 1627 1661
f 1635 1646 1660
f 1070 1651 1652
f 1652 1065 1068
f 1652 1101 1065
f 1148 1105 1103
f 1662 1663 1061
f 1661 1662 1057
f 1652 1103 1101
f 1148 1107 1105
f 1074 1648 1650
f 1082 1084 1667
f 1061 1663 1664
f 1061 1059 1662
f 1088 1055 1054
f 1057 1088 1661
f 1103 1652 1148
f 1148 1108 1109
f 1650 1072 1074
f 1076 1078 1649
f 1078 1080 1669
f 1080 1082 1668
f 1084 1666 1667
f 1086 1665 1666
f 1059 1057 1662
f 1057 1055 1088
f 1660 1661 1088
f 1658 1670 1148
f 1148 1655 1656
f 1148 1653 1654
f 1109 1107 1148
f 1072 1650 1651
f 1649 1648 1076
f 1668 1669 1080
f 1666 1084 1086
f 1063 1664 1665
f 1054 1053 1088
f 1671 1659 1660
f 1148 1657 1658
f 1654 1655 1148
f 1651 1070 1072
f 1669 1649 1078
f 1665 1086 1063
f 1088 1671 1660
f 1656 1657 1148
f 1074 1076 1648
f 1664 1063 1061
f 1148 1652 1653
f 1148 1670 1615
f 1088 1091 1610
f 1667 1668 1082
f 1615 1149 1148
f 1672 1673 1670
f 1652 1068 1070
f 1670 1659 1672
f 1144 1149 1615
f 1658 1659 1670
f 1610 1671 1088
f 1615 1145 1144
f 1093 1095 1610
f 1610 1091 1093
f 1671 1672 1659
f 1610 1613 1674
f 1613 1616 1675
f 1675 1674 1613
f 1615 1670 1675
f 1675 1616 1615
f 1674 1671 1610
f 1676 1677 1673
f 1673 1672 1676
f 1678 1679 1677
f 1677 1676 1678
f 1672 1680 1681
f 1674 1680 1672
f 1681 1678 1672
f 1678 1676 1672
f 1672 1671 1674
f 1673 1679 1682
f 1673 1677 1679
f 1675 1670 1673
f 1673 1683 1675
f 1682 1683 1673
f 1681 1680 1683
f 1683 1682 1681
f 1681 1682 1679
f 1679 1678 1681
f 1683 1680 1674
f 1674 1675 1683
f 1684 1685 1686
f 1687 1684 1688
f 1689 1687 1690
f 1691 1689 1692
f 1693 1691 1694
f 1695 1693 1696
f 1697 1695 1698
f 1699 1697 1700
f 1701 1699 1702
f 1703 1701 1704
f 1705 1703 1706
f 1706 1707 1705
f 1704 1706 1703
f 1702 1704 1701
f 1700 1702 1699
f 1698 1700 1697
f 1696 1698 1695
f 1694 1696 1693
f 1692 1694 1691
f 1690 1692 1689
f 1688 1690 1687
f 1686 1688 1684
f 1708 1705 1707
f 1709 1708 1710
f 1711 1709 1712
f 1713 1711 1714
f 1715 1713 1716
f 1717 1715 1718
f 1719 1717 1720
f 1721 1719 1722
f 1723 1721 1724
f 1725 1723 1726
f 1685 1725 1727
f 1727 1686 1685
f 1726 1727 1725
f 1724 1726 1723
f 1722 1724 1721
f 1720 1722 1719
f 1718 1720 1717
f 1716 1718 1715
f 1714 1716 1713
f 1712 1714 1711
f 1710 1712 1709
f 1707 1710 1708
f 1728 1719 1721
f 1719 1728 1729
f 1730 1731 1732
f 1729 1717 1719
f 1723 1733 1734
f 1729 1713 1715
f 1731 1735 1732
f 1734 1728 1723
f 1729 1711 1713
f 1732 1736 1730
f 1737 1695 1697
f 1715 1717 1729
f 1729 1708 1709
f 1730 1738 1733
f 1736 1739 1730
f 1708 1740 1741
f 1737 1693 1695
f 1709 1711 1729
f 1730 1742 1738
f 1730 1743 1744
f 1739 1745 1730
f 1746 1705 1708
f 1708 1729 1747
f 1703 1705 1746
f 1737 1691 1693
f 1691 1737 1748
f 1748 1684 1687
f 1730 1725 1685
f 1733 1723 1730
f 1745 1743 1730
f 1746 1749 1750
f 1741 1746 1708
f 1747 1751 1708
f 1752 1701 1703
f 1752 1697 1699
f 1748 1689 1691
f 1748 1685 1684
f 1730 1723 1725
f 1744 1742 1730
f 1746 1753 1749
f 1751 1740 1708
f 1699 1701 1752
f 1687 1689 1748
f 1721 1723 1728
f 1741 1753 1746
f 1697 1752 1737
f 1750 1731 1746
f 1731 1754 1755
f 1685 1748 1730
f 1731 1750 1754
f 1755 1735 1731
f 1746 1752 1703
f 1756 1731 1730
f 1730 1757 1756
f 1733 1738 1758
f 1734 1733 1759
f 1728 1734 1760
f 1729 1728 1761
f 1747 1729 1762
f 1751 1747 1763
f 1740 1751 1764
f 1741 1740 1765
f 1753 1741 1766
f 1749 1753 1767
f 1750 1749 1768
f 1768 1769 1750
f 1767 1768 1749
f 1766 1767 1753
f 1765 1766 1741
f 1764 1765 1740
f 1763 1764 1751
f 1762 1763 1747
f 1761 1762 1729
f 1760 1761 1728
f 1759 1760 1734
f 1758 1759 1733
f 1754 1750 1769
f 1755 1754 1770
f 1735 1755 1771
f 1732 1735 1772
f 1736 1732 1773
f 1739 1736 1774
f 1745 1739 1775
f 1743 1745 1776
f 1744 1743 1777
f 1742 1744 1778
f 1738 1742 1779
f 1779 1758 1738
f 1778 1779 1742
f 1777 1778 1744
f 1776 1777 1743
f 1775 1776 1745
f 1774 1775 1739
f 1773 1774 1736
f 1772 1773 1732
f 1771 1772 1735
f 1770 1771 1755
f 1769 1770 1754
f 1757 1730 1748
f 1748 1780 1757
f 1756 1781 1746
f 1746 1731 1756
f 1752 1782 1783
f 1783 1737 1752
f 1782 1784 1785
f 1785 1783 1782
f 1785 1748 1737
f 1737 1783 1785
f 1782 1752 1746
f 1746 1784 1782
f 1718 1764 1763
f 1763 1720 1718
f 1718 1716 1764
f 1716 1765 1764
f 1762 1726 1724
f 1726 1761 1760
f 1763 1762 1720
f 1724 1722 1762
f 1726 1762 1761
f 1722 1720 1762
f 1714 1756 1767
f 1757 1774 1773
f 1780 1692 1690
f 1786 1787 1700
f 1716 1714 1765
f 1767 1766 1714
f 1773 1756 1757
f 1690 1688 1780
f 1694 1692 1780
f 1700 1698 1786
f 1787 1704 1702
f 1706 1787 1781
f 1756 1710 1707
f 1756 1714 1712
f 1766 1765 1714
f 1757 1775 1774
f 1780 1786 1694
f 1698 1696 1786
f 1787 1706 1704
f 1707 1781 1756
f 1757 1726 1759
f 1760 1759 1726
f 1757 1776 1775
f 1696 1694 1786
f 1781 1707 1706
f 1712 1710 1756
f 1756 1769 1768
f 1757 1777 1776
f 1757 1779 1778
f 1702 1700 1787
f 1768 1767 1756
f 1757 1780 1686
f 1756 1772 1771
f 1778 1777 1757
f 1759 1758 1757
f 1686 1727 1757
f 1771 1770 1756
f 1757 1758 1779
f 1727 1726 1757
f 1773 1772 1756
f 1770 1769 1756
f 1688 1686 1780
f 1787 1786 1788
f 1788 1789 1787
f 1790 1788 1786
f 1786 1780 1790
f 1789 1791 1781
f 1781 1787 1789
f 1792 1793 1794
f 1794 1795 1792
f 1796 1791 1797
f 1792 1798 1793
f 1791 1799 1797
f 1800 1788 1790
f 1801 1802 1803
f 1797 1793 1796
f 1788 1800 1804
f 1790 1805 1806
f 1790 1807 1808
f 1807 1801 1809
f 1801 1807 1802
f 1791 1810 1799
f 1795 1811 1812
f 1813 1810 1791
f 1790 1806 1800
f 1790 1814 1815
f 1807 1816 1808
f 1803 1812 1801
f 1791 1817 1818
f 1798 1796 1793
f 1795 1794 1811
f 1789 1819 1813
f 1788 1820 1821
f 1815 1805 1790
f 1809 1816 1807
f 1796 1817 1791
f 1812 1803 1822
f 1789 1823 1819
f 1821 1789 1788
f 1808 1814 1790
f 1812 1822 1795
f 1824 1825 1826
f 1821 1823 1789
f 1818 1825 1791
f 1790 1824 1827
f 1825 1828 1826
f 1825 1829 1830
f 1804 1820 1788
f 1827 1831 1790
f 1824 1832 1833
f 1824 1834 1835
f 1830 1828 1825
f 1831 1807 1790
f 1824 1836 1837
f 1835 1832 1824
f 1825 1818 1829
f 1837 1827 1824
f 1826 1834 1824
f 1833 1836 1824
f 1791 1789 1813
f 1825 1838 1839
f 1839 1791 1825
f 1824 1840 1838
f 1838 1825 1824
f 1824 1790 1841
f 1841 1840 1824
f 1842 1843 1810
f 1844 1842 1813
f 1845 1844 1819
f 1846 1845 1823
f 1847 1846 1821
f 1848 1847 1820
f 1849 1848 1804
f 1850 1849 1800
f 1851 1850 1806
f 1852 1851 1805
f 1853 1852 1815
f 1815 1814 1853
f 1805 1815 1852
f 1806 1805 1851
f 1800 1806 1850
f 1804 1800 1849
f 1820 1804 1848
f 1821 1820 1847
f 1823 1821 1846
f 1819 1823 1845
f 1813 1819 1844
f 1810 1813 1842
f 1854 1855 1818
f 1856 1854 1817
f 1857 1856 1796
f 1858 1857 1798
f 1859 1858 1792
f 1860 1859 1795
f 1861 1860 1822
f 1862 1861 1803
f 1863 1862 1802
f 1864 1863 1807
f 1865 1864 1831
f 1831 1827 1865
f 1807 1831 1864
f 1802 1807 1863
f 1803 1802 1862
f 1822 1803 1861
f 1795 1822 1860
f 1792 1795 1859
f 1798 1792 1858
f 1796 1798 1857
f 1817 1796 1856
f 1818 1817 1854
f 1866 1865 1827
f 1867 1866 1837
f 1868 1867 1836
f 1869 1868 1833
f 1870 1869 1832
f 1871 1870 1835
f 1872 1871 1834
f 1873 1872 1826
f 1874 1873 1828
f 1875 1874 1830
f 1855 1875 1829
f 1829 1818 1855
f 1830 1829 1875
f 1828 1830 1874
f 1826 1828 1873
f 1834 1826 1872
f 1835 1834 1871
f 1832 1835 1870
f 1833 1832 1869
f 1836 1833 1868
f 1837 1836 1867
f 1827 1837 1866
f 1876 1853 1814
f 1877 1876 1808
f 1878 1877 1816
f 1879 1878 1809
f 1880 1879 1801
f 1881 1880 1812
f 1882 1881 1811
f 1883 1882 1794
f 1884 1883 1793
f 1885 1884 1797
f 1843 1885 1799
f 1799 1810 1843
f 1797 1799 1885
f 1793 1797 1884
f 1794 1793 1883
f 1811 1794 1882
f 1812 1811 1881
f 1801 1812 1880
f 1809 1801 1879
f 1816 1809 1878
f 1808 1816 1877
f 1814 1808 1876
f 1854 1882 1883
f 1838 1855 1854
f 1838 1883 1884
f 1838 1875 1855
f 1842 1886 1839
f 1838 1885 1843
f 1883 1838 1854
f 1839 1843 1842
f 1884 1885 1838
f 1854 1880 1881
f 1878 1861 1862
f 1861 1878 1879
f 1887 1886 1846
f 1842 1844 1886
f 1881 1882 1854
f 1840 1871 1872
f 1879 1860 1861
f 1841 1853 1876
f 1886 1845 1846
f 1843 1839 1838
f 1838 1873 1874
f 1872 1838 1840
f 1863 1877 1878
f 1876 1863 1841
f 1880 1857 1858
f 1849 1850 1841
f 1844 1845 1886
f 1872 1873 1838
f 1840 1869 1870
f 1840 1867 1868
f 1876 1877 1863
f 1860 1879 1880
f 1880 1856 1857
f 1841 1887 1849
f 1887 1847 1848
f 1874 1875 1838
f 1868 1869 1840
f 1880 1859 1860
f 1880 1854 1856
f 1841 1851 1852
f 1848 1849 1887
f 1870 1871 1840
f 1858 1859 1880
f 1841 1864 1865
f 1850 1851 1841
f 1862 1863 1878
f 1841 1863 1864
f 1846 1847 1887
f 1852 1853 1841
f 1840 1865 1866
f 1866 1867 1840
f 1865 1840 1841
f 1888 1886 1887
f 1887 1889 1888
f 1889 1890 1891
f 1891 1888 1889
f 1891 1839 1886
f 1886 1888 1891
f 1889 1887 1841
f 1841 1890 1889
f 1784 1892 1893
f 1784 1894 1895
f 1893 1896 1784
f 1895 1897 1784
f 1891 1898 1899
f 1891 1900 1901
f 1897 1892 1784
f 1784 1746 1902
f 1891 1903 1898
f 1901 1904 1891
f 1902 1894 1784
f 1891 1905 1906
f 1904 1903 1891
f 1746 1907 1902
f 1908 1839 1909
f 1899 1905 1891
f 1910 1911 1912
f 1911 1913 1914
f 1746 1915 1907
f 1916 1917 1918
f 1839 1919 1909
f 1906 1839 1891
f 1920 1921 1922
f 1914 1912 1911
f 1913 1923 1924
f 1925 1926 1927
f 1746 1928 1915
f 1918 1746 1916
f 1839 1929 1919
f 1906 1930 1839
f 1931 1932 1920
f 1931 1909 1933
f 1934 1935 1936
f 1934 1937 1938
f 1924 1914 1913
f 1923 1939 1940
f 1939 1941 1942
f 1941 1943 1944
f 1945 1946 1947
f 1948 1949 1950
f 1927 1949 1925
f 1917 1926 1951
f 1918 1928 1746
f 1916 1746 1781
f 1781 1791 1952
f 1839 1908 1953
f 1930 1929 1839
f 1933 1932 1931
f 1921 1954 1955
f 1956 1957 1958
f 1959 1960 1957
f 1961 1962 1963
f 1961 1964 1965
f 1936 1961 1934
f 1938 1966 1934
f 1937 1967 1968
f 1967 1969 1970
f 1969 1971 1972
f 1940 1924 1923
f 1944 1942 1941
f 1943 1961 1973
f 1974 1975 1976
f 1946 1977 1947
f 1977 1946 1948
f 1925 1951 1926
f 1896 1978 1784
f 1952 1979 1781
f 1909 1931 1908
f 1955 1922 1921
f 1980 1981 1982
f 1983 1984 1985
f 1986 1958 1987
f 1957 1956 1959
f 1988 1989 1960
f 1990 1991 1989
f 1992 1993 1991
f 1994 1995 1993
f 1996 1997 1995
f 1998 1999 2000
f 2001 2002 1999
f 2003 2002 2001
f 1965 1962 1961
f 1934 2004 1935
f 1968 1938 1937
f 1972 1970 1969
f 1971 2005 2006
f 2005 1910 2007
f 1942 1940 1939
f 1973 2008 1943
f 2009 1976 2010
f 1976 2009 1974
f 1950 1977 1948
f 1951 1918 1917
f 1791 2011 1952
f 2012 2011 1791
f 1922 1931 1920
f 1982 1954 1980
f 1983 2013 1984
f 1983 2014 2015
f 2016 2017 2018
f 2019 2020 2021
f 1987 2019 1986
f 1960 1959 1988
f 1991 1990 1992
f 1995 1994 1996
f 2022 2023 1997
f 2024 2000 2023
f 1999 1998 2001
f 1785 2025 2003
f 1785 2026 2027
f 2026 2028 2029
f 1936 1964 1961
f 1970 1968 1967
f 2007 2006 2005
f 2008 1944 1943
f 1974 1945 1975
f 1927 1950 1949
f 1791 1839 2012
f 1982 1955 1954
f 1890 1983 2030
f 2015 2013 1983
f 2016 2031 2032
f 2018 2033 2016
f 1987 2020 2019
f 1989 1988 1990
f 1997 1996 2022
f 2000 2024 1998
f 1785 2034 2025
f 2029 2027 2026
f 1966 2004 1934
f 1912 2007 1910
f 1947 1975 1945
f 1953 2012 1839
f 2035 2036 1981
f 2037 2010 2036
f 1985 2030 1983
f 1890 2001 2016
f 2033 2031 2016
f 1958 1986 1956
f 2023 2022 2024
f 2027 2034 1785
f 2026 2021 2038
f 1891 1934 1961
f 2006 1972 1971
f 1781 1979 1916
f 2036 2035 2037
f 2016 1983 1890
f 2016 2001 2017
f 1993 1992 1994
f 2038 2028 2026
f 2001 1841 1790
f 1963 1973 1961
f 1981 1980 2035
f 2032 2039 2016
f 2001 1785 2003
f 1784 1978 2026
f 2001 1780 1748
f 2001 1890 1841
f 2010 2037 2009
f 1934 1891 1890
f 2026 1785 1784
f 1790 1780 2001
f 2030 1934 1890
f 1748 1785 2001
f 2021 2026 2019
f 1961 1900 1891
f 2040 1949 1948
f 2041 1948 1946
f 2042 1946 1945
f 2043 1945 1974
f 2044 1974 2009
f 2045 2009 2037
f 2046 2037 2035
f 2047 2035 1980
f 2048 1980 1954
f 2049 1954 1921
f 2050 1921 1920
f 1920 2051 2050
f 1921 2050 2049
f 1954 2049 2048
f 1980 2048 2047
f 2035 2047 2046
f 2037 2046 2045
f 2009 2045 2044
f 1974 2044 2043
f 1945 2043 2042
f 1946 2042 2041
f 1948 2041 2040
f 2052 2053 2054
f 2055 2056 2057
f 2058 2059 2060
f 2061 2062 2059
f 2052 2063 2053
f 2063 2052 2064
f 2055 2065 2056
f 2055 2066 2067
f 2059 2058 2061
f 2068 2069 2062
f 2064 2070 2063
f 2067 2065 2055
f 2071 2060 2072
f 2062 2061 2068
f 2073 2074 2069
f 2042 2075 2076
f 2077 2078 2052
f 2057 2079 2055
f 2080 2081 2082
f 2083 2084 2085
f 2072 2083 2071
f 2069 2068 2073
f 2086 2087 2074
f 2076 2040 2041
f 2054 2077 2052
f 2081 2088 2055
f 2089 2090 2091
f 2082 2092 2080
f 2081 2093 2094
f 2081 2095 2096
f 2072 2084 2083
f 2074 2073 2086
f 2097 2098 2087
f 2099 2100 2098
f 2076 2101 2040
f 2078 2102 2103
f 2077 2104 2078
f 2090 2105 2106
f 2081 2107 2088
f 2091 2081 2089
f 2108 2109 2110
f 2109 2111 2112
f 2113 2114 2115
f 2114 2116 2117
f 2118 2119 2120
f 2121 2122 2119
f 2080 2123 2122
f 2094 2082 2081
f 2081 2085 2095
f 2060 2071 2058
f 2098 2097 2099
f 2076 2103 2101
f 2078 2124 2102
f 2104 2125 2078
f 2044 2126 2127
f 2048 2049 2128
f 2106 2129 2090
f 2081 2130 2107
f 2091 2131 2081
f 2112 2110 2109
f 2111 2113 2132
f 2117 2115 2114
f 2116 2133 2134
f 2135 2078 2136
f 2137 2138 2139
f 2140 2141 2142
f 2141 2108 2143
f 2119 2118 2121
f 2080 2144 2123
f 2096 2093 2081
f 2087 2086 2097
f 2103 2076 2078
f 2125 2145 2078
f 2127 2043 2044
f 2045 2046 2146
f 2046 2047 2147
f 2047 2048 2148
f 2049 2149 2128
f 2050 2150 2149
f 2051 2151 2150
f 2129 2091 2090
f 2131 2130 2081
f 2132 2112 2111
f 2134 2117 2116
f 2133 2152 2153
f 2152 2154 2155
f 2154 2135 2156
f 2136 2157 2135
f 2078 2158 2159
f 2137 2160 2138
f 2137 2140 2161
f 2143 2142 2141
f 2122 2121 2080
f 2085 2081 2083
f 2145 2124 2078
f 2043 2127 2075
f 2146 2126 2045
f 2148 2147 2047
f 2149 2049 2050
f 2150 2050 2051
f 2079 2081 2055
f 2115 2132 2113
f 2155 2153 2152
f 2157 2156 2135
f 2078 2162 2158
f 2137 2163 2160
f 2142 2161 2140
f 2092 2144 2080
f 2164 2120 2100
f 2075 2042 2043
f 2147 2146 2046
f 2051 2106 2151
f 2081 2165 2089
f 2153 2134 2133
f 2159 2136 2078
f 2078 2139 2166
f 2161 2163 2137
f 2167 2168 2169
f 2170 2171 2172
f 2100 2099 2164
f 2173 2165 2081
f 2044 2045 2126
f 2105 2151 2106
f 2156 2155 2154
f 2139 2078 2137
f 2167 2174 2168
f 2174 2167 2175
f 2176 2177 2178
f 2172 2179 2170
f 2081 2080 2173
f 2128 2148 2048
f 2166 2162 2078
f 2167 2180 2173
f 2167 2181 2182
f 2167 2183 2184
f 2167 2185 2137
f 2175 2186 2174
f 2179 2176 2170
f 2170 2173 2080
f 2076 2041 2042
f 2110 2143 2108
f 2167 2187 2180
f 2184 2181 2167
f 2169 2185 2167
f 2080 2171 2170
f 2078 2076 2137
f 2182 2187 2167
f 2137 2076 2183
f 2120 2164 2118
f 2137 2183 2167
f 2173 2170 2167
f 2178 2170 2176
f 1894 2077 2054
f 1895 2054 2053
f 1897 2053 2063
f 1892 2063 2070
f 1893 2070 2064
f 1896 2064 2052
f 2052 1978 1896
f 2064 1896 1893
f 2070 1893 1892
f 2063 1892 1897
f 2053 1897 1895
f 2054 1895 1894
f 2167 2016 2039
f 2175 2039 2032
f 2186 2032 2031
f 2174 2031 2033
f 2168 2033 2018
f 2169 2018 2017
f 2017 2185 2169
f 2018 2169 2168
f 2033 2168 2174
f 2031 2174 2186
f 2032 2186 2175
f 2039 2175 2167
f 1983 2170 2178
f 2014 2178 2177
f 2015 2177 2176
f 2013 2176 2179
f 1984 2179 2172
f 1985 2172 2171
f 2171 2030 1985
f 2172 1985 1984
f 2179 1984 2013
f 2176 2013 2015
f 2177 2015 2014
f 2178 2014 1983
f 2055 1905 1899
f 2066 1899 1898
f 2067 1898 1903
f 2065 1903 1904
f 2056 1904 1901
f 2057 1901 1900
f 1900 2079 2057
f 1901 2057 2056
f 1904 2056 2065
f 1903 2065 2067
f 1898 2067 2066
f 1899 2066 2055
f 2106 2051 1920
f 2129 2106 1932
f 2091 2129 1933
f 2131 2091 1909
f 2130 2131 1919
f 2107 2130 1929
f 2088 2107 1930
f 1930 1906 2088
f 1929 1930 2107
f 1919 1929 2130
f 1909 1919 2131
f 1933 1909 2091
f 1932 1933 2129
f 1920 1932 2106
f 1925 1949 2040
f 1951 1925 2101
f 1918 1951 2103
f 1928 1918 2102
f 1915 1928 2124
f 1907 1915 2145
f 1902 1907 2125
f 2125 2104 1902
f 2145 2125 1907
f 2124 2145 1915
f 2102 2124 1928
f 2103 2102 1918
f 2101 2103 1951
f 2040 2101 1925
f 2083 2081 1961
f 1961 1943 2083
f 2121 1937 1934
f 1934 2080 2121
f 2164 1969 1967
f 2118 1967 1937
f 1937 2121 2118
f 1967 2118 2164
f 2026 2078 2135
f 2135 2019 2026
f 2108 2022 1996
f 2109 1996 1994
f 2111 1994 1992
f 2113 1992 1990
f 2114 1990 1988
f 2116 1988 1959
f 2133 1959 1956
f 2152 1956 1986
f 2154 1986 2019
f 2019 2135 2154
f 1986 2154 2152
f 1956 2152 2133
f 1959 2133 2116
f 1988 2116 2114
f 1990 2114 2113
f 1992 2113 2111
f 1994 2111 2109
f 1996 2109 2108
f 2077 1894 1902
f 1902 2104 2077
f 2017 2001 2137
f 2137 2185 2017
f 2026 1978 2052
f 2052 2078 2026
f 1900 1961 2081
f 2081 2079 1900
f 2171 2080 1934
f 1934 2030 2171
f 2016 2167 2170
f 2170 1983 2016
f 2088 1906 1905
f 1905 2055 2088
f 2137 2001 1998
f 2140 1998 2024
f 2141 2024 2022
f 2022 2108 2141
f 2024 2141 2140
f 1998 2140 2137
f 2083 1943 1941
f 2071 1941 1939
f 2058 1939 1923
f 2061 1923 1913
f 2068 1913 1911
f 2073 1911 1910
f 2086 1910 2005
f 2097 2005 1971
f 2099 1971 1969
f 1969 2164 2099
f 1971 2099 2097
f 2005 2097 2086
f 1910 2086 2073
f 1911 2073 2068
f 1913 2068 2061
f 1923 2061 2058
f 1939 2058 2071
f 1941 2071 2083
f 2126 2146 2010
f 2127 2126 1976
f 2075 2127 1975
f 2076 2075 1947
f 2183 2076 1977
f 2184 2183 1950
f 2181 2184 1927
f 2182 2181 1926
f 2187 2182 1917
f 2180 2187 1916
f 2173 2180 1979
f 1979 1952 2173
f 1916 1979 2180
f 1917 1916 2187
f 1926 1917 2182
f 1927 1926 2181
f 1950 1927 2184
f 1977 1950 2183
f 1947 1977 2076
f 1975 1947 2075
f 1976 1975 2127
f 2010 1976 2126
f 2095 2085 1973
f 2096 2095 1963
f 2093 2096 1962
f 2094 2093 1965
f 2082 2094 1964
f 2092 2082 1936
f 2144 2092 1935
f 2123 2144 2004
f 2122 2123 1966
f 2119 2122 1938
f 2120 2119 1968
f 1968 1970 2120
f 1938 1968 2119
f 1966 1938 2122
f 2004 1966 2123
f 1935 2004 2144
f 1936 1935 2092
f 1964 1936 2082
f 1965 1964 2094
f 1962 1965 2093
f 1963 1962 2096
f 1973 1963 2095
f 2157 2136 2021
f 2156 2157 2020
f 2155 2156 1987
f 2153 2155 1958
f 2134 2153 1957
f 2117 2134 1960
f 2115 2117 1989
f 2132 2115 1991
f 2112 2132 1993
f 2110 2112 1995
f 2143 2110 1997
f 1997 2023 2143
f 1995 1997 2110
f 1993 1995 2112
f 1991 1993 2132
f 1989 1991 2115
f 1960 1989 2117
f 1957 1960 2134
f 1958 1957 2153
f 1987 1958 2155
f 2020 1987 2156
f 2021 2020 2157
f 2142 2143 2023
f 2161 2142 2000
f 2163 2161 1999
f 2160 2163 2002
f 2138 2160 2003
f 2139 2138 2025
f 2166 2139 2034
f 2162 2166 2027
f 2158 2162 2029
f 2159 2158 2028
f 2136 2159 2038
f 2038 2021 2136
f 2028 2038 2159
f 2029 2028 2158
f 2027 2029 2162
f 2034 2027 2166
f 2025 2034 2139
f 2003 2025 2138
f 2002 2003 2160
f 1999 2002 2163
f 2000 1999 2161
f 2023 2000 2142
f 2100 2120 1970
f 2098 2100 1972
f 2087 2098 2006
f 2074 2087 2007
f 2069 2074 1912
f 2062 2069 1914
f 2059 2062 1924
f 2060 2059 1940
f 2072 2060 1942
f 2084 2072 1944
f 2085 2084 2008
f 2008 1973 2085
f 1944 2008 2084
f 1942 1944 2072
f 1940 1942 2060
f 1924 1940 2059
f 1914 1924 2062
f 1912 1914 2069
f 2007 1912 2074
f 2006 2007 2087
f 1972 2006 2098
f 1970 1972 2100
f 2165 2173 1952
f 2089 2165 2011
f 2090 2089 2012
f 2105 2090 1953
f 2151 2105 1908
f 2150 2151 1931
f 2149 2150 1922
f 2128 2149 1955
f 2148 2128 1982
f 2147 2148 1981
f 2146 2147 2036
f 2036 2010 2146
f 1981 2036 2147
f 1982 1981 2148
f 1955 1982 2128
f 1922 1955 2149
f 1931 1922 2150
f 1908 1931 2151
f 1953 1908 2105
f 2012 1953 2090
f 2011 2012 2089
f 1952 2011 2165
f 2188 2189 2190
f 2190 2191 2188
f 2188 2192 2193
f 2193 2189 2188
f 2188 2194 2192
f 2193 2195 2189
f 2196 2191 2190
f 2190 2197 2196
f 2198 2196 2197
f 2197 2199 2198
f 2200 2198 2199
f 2199 2201 2200
f 2202 2200 2201
f 2201 2203 2202
f 2204 2202 2203
f 2203 2205 2204
f 2206 2204 2205
f 2205 2207 2206
f 2208 2206 2207
f 2207 2209 2208
f 2208 2210 2196
f 2188 2191 2196
f 2194 2188 2210
f 2196 2210 2188
f 2196 2198 2208
f 2204 2206 2208
f 2202 2204 2198
f 2208 2198 2204
f 2210 2211 2194
f 2198 2200 2202
f 2189 2212 2197
f 2199 2197 2212
f 2212 2209 2199
f 2203 2201 2199
f 2205 2203 2209
f 2199 2209 2203
f 2197 2190 2189
f 2195 2213 2212
f 2212 2189 2195
f 2209 2207 2205
f 2210 2208 2209
f 2209 2212 2210
f 2212 2213 2211
f 2211 2213 2214
f 2215 2216 2217
f 2216 2214 2213
f 2214 2218 2211
f 2219 2220 2211
f 2213 2217 2216
f 2211 2218 2219
f 2211 2210 2212
f 2217 2221 2215
f 2222 2223 2224
f 2225 2224 2223
f 2223 2226 2225
f 2227 2225 2226
f 2226 2228 2227
f 2229 2227 2228
f 2228 2230 2229
f 2231 2229 2230
f 2230 2232 2231
f 2233 2231 2232
f 2232 2234 2233
f 2235 2233 2234
f 2234 2236 2235
f 2221 2235 2236
f 2236 2215 2221
f 2224 2237 2222
f 2238 2239 2240
f 2241 2240 2239
f 2239 2242 2241
f 2243 2241 2242
f 2242 2244 2243
f 2237 2243 2244
f 2244 2222 2237
f 2240 2245 2238
f 2219 2246 2247
f 2248 2247 2246
f 2246 2249 2248
f 2250 2248 2249
f 2249 2251 2250
f 2252 2250 2251
f 2251 2253 2252
f 2254 2252 2253
f 2253 2255 2254
f 2256 2254 2255
f 2255 2257 2256
f 2258 2256 2257
f 2257 2259 2258
f 2245 2258 2259
f 2259 2238 2245
f 2247 2220 2219
f 2221 2217 2326
f 2235 2326 2327
f 2233 2327 2328
f 2231 2328 2329
f 2229 2329 2330
f 2227 2330 2331
f 2225 2331 2332
f 2224 2332 2243
f 2333 2334 2240
f 2193 2192 2335
f 2247 2248 2260
f 2248 2336 2261
f 2261 2260 2248
f 2335 2262 2261
f 2261 2336 2335
f 2220 2263 2194
f 2264 2192 2194
f 2335 2192 2264
f 2194 2263 2264
f 2194 2211 2220
f 2247 2265 2263
f 2263 2220 2247
f 2258 2245 2266
f 2245 2240 2267
f 2267 2266 2245
f 2334 2268 2267
f 2267 2240 2334
f 2334 2337 2269
f 2256 2270 2269
f 2269 2337 2256
f 2258 2271 2270
f 2270 2256 2258
f 2338 2339 2272
f 2327 2273 2272
f 2272 2339 2327
f 2326 2274 2273
f 2273 2327 2326
f 2275 2276 2195
f 2217 2213 2195
f 2326 2217 2276
f 2195 2276 2217
f 2195 2193 2275
f 2338 2277 2275
f 2275 2193 2338
f 2340 2341 2278
f 2329 2279 2278
f 2278 2341 2329
f 2328 2280 2279
f 2279 2329 2328
f 2328 2327 2281
f 2327 2339 2282
f 2282 2281 2327
f 2340 2283 2282
f 2282 2339 2340
f 2337 2334 2284
f 2334 2333 2285
f 2285 2284 2334
f 2342 2286 2285
f 2285 2333 2342
f 2342 2343 2287
f 2343 2344 2288
f 2288 2287 2343
f 2337 2289 2288
f 2288 2344 2337
f 2250 2252 2290
f 2252 2345 2291
f 2291 2290 2252
f 2346 2292 2291
f 2291 2345 2346
f 2346 2336 2293
f 2248 2294 2293
f 2293 2336 2248
f 2250 2295 2294
f 2294 2248 2250
f 2254 2256 2296
f 2256 2337 2297
f 2297 2296 2256
f 2344 2298 2297
f 2297 2337 2344
f 2344 2345 2299
f 2252 2300 2299
f 2299 2345 2252
f 2254 2301 2300
f 2300 2252 2254
f 2345 2344 2302
f 2344 2343 2303
f 2303 2302 2344
f 2341 2304 2303
f 2303 2343 2341
f 2341 2340 2305
f 2346 2306 2305
f 2305 2340 2346
f 2345 2307 2306
f 2306 2346 2345
f 2336 2346 2308
f 2346 2340 2309
f 2309 2308 2346
f 2339 2310 2309
f 2309 2340 2339
f 2339 2338 2311
f 2338 2335 2312
f 2312 2311 2338
f 2336 2313 2312
f 2312 2335 2336
f 2333 2241 2314
f 2243 2315 2314
f 2314 2241 2243
f 2332 2316 2315
f 2315 2243 2332
f 2332 2331 2317
f 2331 2342 2318
f 2318 2317 2331
f 2333 2319 2318
f 2318 2342 2333
f 2343 2342 2320
f 2331 2321 2320
f 2320 2342 2331
f 2330 2322 2321
f 2321 2331 2330
f 2330 2329 2323
f 2329 2341 2324
f 2324 2323 2329
f 2343 2325 2324
f 2324 2341 2343
f 2323 2322 2330
f 2320 2325 2343
f 2317 2316 2332
f 2314 2319 2333
f 2311 2310 2339
f 2308 2313 2336
f 2305 2304 2341
f 2302 2307 2345
f 2299 2298 2344
f 2296 2301 2254
f 2293 2292 2346
f 2290 2295 2250
f 2287 2286 2342
f 2284 2289 2337
f 2281 2280 2328
f 2278 2283 2340
f 2276 2274 2326
f 2272 2277 2338
f 2269 2268 2334
f 2266 2271 2258
f 2264 2262 2335
f 2260 2265 2247
f 2335 2338 2193
f 2240 2241 2333
f 2243 2237 2224
f 2332 2224 2225
f 2331 2225 2227
f 2330 2227 2229
f 2329 2229 2231
f 2328 2231 2233
f 2327 2233 2235
f 2326 2235 2221
f 2223 2222 2244
f 2413 2242 2239
f 2226 2223 2414
f 2228 2226 2415
f 2230 2228 2416
f 2232 2230 2417
f 2234 2232 2418
f 2236 2234 2419
f 2215 2236 2420
f 2214 2421 2422
f 2423 2424 2347
f 2417 2348 2347
f 2347 2424 2417
f 2416 2349 2348
f 2348 2417 2416
f 2415 2425 2350
f 2423 2351 2350
f 2416 2415 2352
f 2350 2425 2423
f 2350 2352 2415
f 2413 2425 2353
f 2415 2354 2353
f 2353 2425 2415
f 2414 2355 2354
f 2354 2415 2414
f 2244 2242 2356
f 2413 2357 2356
f 2414 2244 2358
f 2356 2242 2413
f 2356 2358 2244
f 2426 2422 2359
f 2422 2421 2360
f 2360 2359 2422
f 2427 2361 2360
f 2360 2421 2427
f 2428 2362 2363
f 2426 2364 2362
f 2427 2429 2363
f 2362 2428 2426
f 2363 2429 2428
f 2430 2428 2365
f 2428 2429 2366
f 2366 2365 2428
f 2424 2367 2366
f 2366 2429 2424
f 2431 2368 2369
f 2430 2370 2368
f 2424 2423 2369
f 2368 2431 2430
f 2369 2423 2431
f 2255 2253 2371
f 2253 2430 2372
f 2372 2371 2253
f 2431 2373 2372
f 2372 2430 2431
f 2257 2374 2375
f 2255 2376 2374
f 2431 2432 2375
f 2374 2257 2255
f 2375 2432 2257
f 2251 2249 2377
f 2249 2426 2378
f 2378 2377 2249
f 2428 2379 2378
f 2378 2426 2428
f 2253 2380 2381
f 2251 2382 2380
f 2428 2430 2381
f 2380 2253 2251
f 2381 2430 2253
f 2246 2219 2383
f 2219 2218 2384
f 2384 2383 2219
f 2422 2385 2384
f 2384 2218 2422
f 2249 2386 2387
f 2246 2388 2386
f 2422 2426 2387
f 2386 2249 2246
f 2387 2426 2249
f 2432 2431 2389
f 2431 2423 2390
f 2390 2389 2431
f 2425 2391 2390
f 2390 2423 2425
f 2413 2433 2392
f 2432 2393 2392
f 2425 2413 2394
f 2392 2433 2432
f 2392 2394 2413
f 2429 2427 2395
f 2419 2396 2395
f 2395 2427 2419
f 2418 2397 2396
f 2396 2419 2418
f 2417 2424 2398
f 2429 2399 2398
f 2418 2417 2400
f 2398 2424 2429
f 2398 2400 2417
f 2421 2214 2401
f 2216 2402 2401
f 2401 2214 2216
f 2420 2403 2402
f 2402 2216 2420
f 2419 2427 2404
f 2421 2405 2404
f 2420 2419 2406
f 2404 2427 2421
f 2404 2406 2419
f 2259 2257 2407
f 2257 2432 2408
f 2408 2407 2257
f 2433 2409 2408
f 2408 2432 2433
f 2238 2410 2411
f 2259 2412 2410
f 2433 2239 2411
f 2410 2238 2259
f 2411 2239 2238
f 2411 2409 2433
f 2407 2412 2259
f 2406 2403 2420
f 2401 2405 2421
f 2400 2397 2418
f 2395 2399 2429
f 2394 2391 2425
f 2389 2393 2432
f 2387 2385 2422
f 2383 2388 2246
f 2381 2379 2428
f 2377 2382 2251
f 2375 2373 2431
f 2371 2376 2255
f 2369 2367 2424
f 2365 2370 2430
f 2363 2361 2427
f 2359 2364 2426
f 2358 2355 2414
f 2353 2357 2413
f 2352 2349 2416
f 2347 2351 2423
f 2422 2218 2214
f 2420 2216 2215
f 2419 2420 2236
f 2418 2419 2234
f 2417 2418 2232
f 2416 2417 2230
f 2415 2416 2228
f 2414 2415 2226
f 2239 2433 2413
f 2244 2414 2223
f 2267 2268 2409
f 2408 2409 2268
f 2268 2269 2408
f 2409 2411 2267
f 2266 2267 2411
f 2411 2410 2266
f 2270 2271 2412
f 2410 2412 2271
f 2271 2266 2410
f 2412 2407 2270
f 2269 2270 2407
f 2407 2408 2269
f 2273 2274 2403
f 2402 2403 2274
f 2274 2276 2402
f 2403 2406 2273
f 2272 2273 2406
f 2406 2404 2272
f 2275 2277 2405
f 2404 2405 2277
f 2277 2272 2404
f 2405 2401 2275
f 2276 2275 2401
f 2401 2402 2276
f 2279 2280 2397
f 2396 2397 2280
f 2280 2281 2396
f 2397 2400 2279
f 2278 2279 2400
f 2400 2398 2278
f 2282 2283 2399
f 2398 2399 2283
f 2283 2278 2398
f 2399 2395 2282
f 2281 2282 2395
f 2395 2396 2281
f 2285 2286 2391
f 2390 2391 2286
f 2286 2287 2390
f 2391 2394 2285
f 2284 2285 2394
f 2394 2392 2284
f 2288 2289 2393
f 2392 2393 2289
f 2289 2284 2392
f 2393 2389 2288
f 2287 2288 2389
f 2389 2390 2287
f 2261 2262 2385
f 2384 2385 2262
f 2262 2264 2384
f 2385 2387 2261
f 2260 2261 2387
f 2387 2386 2260
f 2263 2265 2388
f 2386 2388 2265
f 2265 2260 2386
f 2388 2383 2263
f 2264 2263 2383
f 2383 2384 2264
f 2291 2292 2379
f 2378 2379 2292
f 2292 2293 2378
f 2379 2381 2291
f 2290 2291 2381
f 2381 2380 2290
f 2294 2295 2382
f 2380 2382 2295
f 2295 2290 2380
f 2382 2377 2294
f 2293 2294 2377
f 2377 2378 2293
f 2297 2298 2373
f 2372 2373 2298
f 2298 2299 2372
f 2373 2375 2297
f 2296 2297 2375
f 2375 2374 2296
f 2300 2301 2376
f 2374 2376 2301
f 2301 2296 2374
f 2376 2371 2300
f 2299 2300 2371
f 2371 2372 2299
f 2303 2304 2367
f 2366 2367 2304
f 2304 2305 2366
f 2367 2369 2303
f 2302 2303 2369
f 2369 2368 2302
f 2306 2307 2370
f 2368 2370 2307
f 2307 2302 2368
f 2370 2365 2306
f 2305 2306 2365
f 2365 2366 2305
f 2309 2310 2361
f 2360 2361 2310
f 2310 2311 2360
f 2361 2363 2309
f 2308 2309 2363
f 2363 2362 2308
f 2312 2313 2364
f 2362 2364 2313
f 2313 2308 2362
f 2364 2359 2312
f 2311 2312 2359
f 2359 2360 2311
f 2315 2316 2355
f 2354 2355 2316
f 2316 2317 2354
f 2355 2358 2315
f 2314 2315 2358
f 2358 2356 2314
f 2318 2319 2357
f 2356 2357 2319
f 2319 2314 2356
f 2357 2353 2318
f 2317 2318 2353
f 2353 2354 2317
f 2321 2322 2349
f 2348 2349 2322
f 2322 2323 2348
f 2349 2352 2321
f 2320 2321 2352
f 2352 2350 2320
f 2324 2325 2351
f 2350 2351 2325
f 2325 2320 2350
f 2351 2347 2324
f 2323 2324 2347
f 2347 2348 2323
f 2434 2435 2436
f 2437 2434 2438
f 2439 2437 2440
f 2441 2439 2442
f 2443 2441 2444
f 2445 2443 2446
f 2447 2445 2448
f 2449 2447 2450
f 2451 2449 2452
f 2453 2451 2454
f 2455 2453 2456
f 2456 2457 2455
f 2454 2456 2453
f 2452 2454 2451
f 2450 2452 2449
f 2448 2450 2447
f 2446 2448 2445
f 2444 2446 2443
f 2442 2444 2441
f 2440 2442 2439
f 2438 2440 2437
f 2436 2438 2434
f 2458 2455 2457
f 2459 2458 2460
f 2461 2459 2462
f 2463 2461 2464
f 2465 2463 2466
f 2467 2465 2468
f 2469 2467 2470
f 2471 2469 2472
f 2473 2471 2474
f 2475 2473 2476
f 2435 2475 2477
f 2477 2436 2435
f 2476 2477 2475
f 2474 2476 2473
f 2472 2474 2471
f 2470 2472 2469
f 2468 2470 2467
f 2466 2468 2465
f 2464 2466 2463
f 2462 2464 2461
f 2460 2462 2459
f 2457 2460 2458
f 2478 2479 2460
f 2478 2456 2454
f 2460 2457 2478
f 2457 2456 2478
f 2479 2464 2462
f 2479 2468 2466
f 2480 2472 2470
f 2478 2452 2450
f 2462 2460 2479
f 2479 2470 2468
f 2480 2474 2472
f 2480 2477 2476
f 2480 2438 2436
f 2454 2452 2478
f 2470 2479 2480
f 2436 2477 2480
f 2480 2442 2440
f 2481 2446 2444
f 2466 2464 2479
f 2440 2438 2480
f 2444 2482 2481
f 2444 2483 2482
f 2478 2448 2446
f 2476 2474 2480
f 2483 2444 2442
f 2446 2481 2478
f 2442 2480 2483
f 2450 2448 2478
f 2478 2481 2484
f 2484 2485 2478
f 2486 2487 2482
f 2482 2483 2486
f 2488 2480 2479
f 2479 2489 2488
f 2490 2486 2488
f 2483 2480 2488
f 2488 2486 2483
f 2488 2491 2490
f 2478 2485 2489
f 2492 2493 2489
f 2489 2485 2492
f 2489 2479 2478
f 2490 2491 2493
f 2493 2492 2490
f 2488 2494 2495
f 2489 2496 2494
f 2493 2497 2498
f 2491 2499 2500
f 2494 2488 2489
f 2489 2501 2502
f 2493 2500 2497
f 2491 2503 2499
f 2488 2504 2505
f 2502 2496 2489
f 2493 2506 2507
f 2500 2493 2491
f 2495 2504 2488
f 2489 2508 2509
f 2489 2493 2510
f 2498 2506 2493
f 2491 2511 2512
f 2509 2501 2489
f 2510 2513 2489
f 2512 2503 2491
f 2505 2514 2488
f 2507 2510 2493
f 2513 2508 2489
f 2488 2515 2511
f 2511 2491 2488
f 2514 2515 2488
f 2516 2517 2515
f 2518 2516 2514
f 2519 2518 2505
f 2520 2519 2504
f 2521 2520 2495
f 2522 2521 2494
f 2523 2522 2496
f 2524 2523 2502
f 2525 2524 2501
f 2526 2525 2509
f 2527 2526 2508
f 2508 2513 2527
f 2509 2508 2526
f 2501 2509 2525
f 2502 2501 2524
f 2496 2502 2523
f 2494 2496 2522
f 2495 2494 2521
f 2504 2495 2520
f 2505 2504 2519
f 2514 2505 2518
f 2515 2514 2516
f 2528 2527 2513
f 2529 2528 2510
f 2530 2529 2507
f 2531 2530 2506
f 2532 2531 2498
f 2533 2532 2497
f 2534 2533 2500
f 2535 2534 2499
f 2536 2535 2503
f 2537 2536 2512
f 2517 2537 2511
f 2511 2515 2517
f 2512 2511 2537
f 2503 2512 2536
f 2499 2503 2535
f 2500 2499 2534
f 2497 2500 2533
f 2498 2497 2532
f 2506 2498 2531
f 2507 2506 2530
f 2510 2507 2529
f 2513 2510 2528
f 2492 2533 2534
f 2492 2532 2533
f 2492 2530 2531
f 2523 2485 2458
f 2522 2459 2461
f 2517 2471 2473
f 2484 2492 2535
f 2531 2532 2492
f 2492 2528 2529
f 2458 2522 2523
f 2522 2458 2459
f 2538 2539 2540
f 2485 2445 2447
f 2485 2484 2443
f 2484 2434 2437
f 2484 2475 2435
f 2484 2537 2517
f 2535 2536 2484
f 2529 2530 2492
f 2461 2521 2522
f 2461 2519 2520
f 2541 2539 2542
f 2538 2543 2544
f 2540 2543 2538
f 2485 2449 2451
f 2443 2445 2485
f 2484 2439 2441
f 2435 2434 2484
f 2473 2484 2517
f 2534 2535 2492
f 2485 2524 2525
f 2520 2521 2461
f 2545 2546 2542
f 2542 2546 2541
f 2539 2487 2540
f 2451 2453 2485
f 2441 2443 2484
f 2473 2475 2484
f 2492 2527 2528
f 2517 2467 2469
f 2467 2517 2516
f 2523 2524 2485
f 2461 2516 2518
f 2541 2487 2539
f 2544 2547 2538
f 2547 2548 2549
f 2550 2551 2552
f 2447 2449 2485
f 2536 2537 2484
f 2516 2465 2467
f 2516 2461 2463
f 2518 2519 2461
f 2487 2486 2540
f 2549 2538 2547
f 2552 2540 2550
f 2486 2492 2484
f 2437 2439 2484
f 2463 2465 2516
f 2485 2526 2527
f 2485 2455 2458
f 2553 2554 2555
f 2544 2543 2555
f 2548 2556 2549
f 2557 2558 2549
f 2540 2484 2550
f 2484 2540 2486
f 2469 2471 2517
f 2525 2526 2485
f 2555 2554 2544
f 2549 2556 2557
f 2486 2490 2492
f 2527 2492 2485
f 2453 2455 2485
f 2542 2559 2545
f 2551 2560 2552
f 2561 2562 2552
f 2552 2560 2561
f 2555 2563 2553
f 2563 2555 2564
f 2564 2565 2563
f 2555 2543 2566
f 2566 2564 2555
f 2543 2540 2567
f 2567 2566 2543
f 2540 2552 2568
f 2568 2567 2540
f 2552 2562 2569
f 2569 2568 2552
f 2538 2549 2570
f 2570 2571 2538
f 2549 2558 2572
f 2572 2570 2549
f 2559 2542 2573
f 2573 2574 2559
f 2542 2539 2575
f 2575 2573 2542
f 2538 2571 2575
f 2575 2539 2538
f 2576 2577 2578
f 2576 2579 2577
f 2576 2580 2579
f 2576 2581 2580
f 2576 2557 2582
f 2582 2581 2576
f 2557 2583 2582
f 2557 2584 2583
f 2557 2585 2584
f 2557 2556 2585
f 2578 2586 2576
f 2553 2587 2588
f 2553 2589 2587
f 2553 2590 2589
f 2591 2592 2590
f 2590 2553 2591
f 2591 2593 2592
f 2591 2594 2593
f 2591 2595 2594
f 2591 2596 2595
f 2591 2597 2596
f 2588 2554 2553
f 2545 2598 2599
f 2545 2600 2598
f 2545 2601 2600
f 2602 2603 2601
f 2601 2545 2602
f 2602 2604 2603
f 2602 2605 2604
f 2602 2606 2605
f 2602 2607 2606
f 2602 2608 2607
f 2599 2546 2545
f 2609 2610 2611
f 2609 2612 2610
f 2609 2613 2612
f 2609 2614 2613
f 2609 2561 2615
f 2615 2614 2609
f 2561 2616 2615
f 2561 2617 2616
f 2561 2618 2617
f 2561 2560 2618
f 2611 2619 2609
f 2620 2621 2570
f 2622 2571 2570
f 2570 2621 2622
f 2623 2575 2571
f 2571 2622 2623
f 2623 2624 2573
f 2573 2575 2623
f 2625 2574 2573
f 2573 2624 2625
f 2570 2572 2620
f 2620 2626 2627
f 2627 2621 2620
f 2624 2628 2629
f 2629 2625 2624
f 2630 2631 2623
f 2623 2622 2630
f 2632 2633 2568
f 2634 2567 2568
f 2568 2633 2634
f 2634 2635 2566
f 2566 2567 2634
f 2635 2636 2564
f 2564 2566 2635
f 2637 2565 2564
f 2564 2636 2637
f 2568 2569 2632
f 2638 2639 2637
f 2637 2636 2638
f 2640 2633 2632
f 2632 2641 2640
f 2642 2635 2634
f 2634 2643 2642
f 2629 2628 2644
f 2631 2645 2644
f 2644 2628 2631
f 2631 2630 2646
f 2646 2645 2631
f 2630 2627 2647
f 2647 2646 2630
f 2626 2648 2647
f 2647 2627 2626
f 2644 2649 2629
f 2646 2647 2650
f 2650 2651 2646
f 2647 2648 2652
f 2652 2650 2647
f 2644 2653 2654
f 2654 2649 2644
f 2644 2645 2655
f 2655 2653 2644
f 2646 2651 2655
f 2655 2645 2646
f 2656 2657 2650
f 2658 2651 2650
f 2650 2657 2658
f 2659 2655 2651
f 2651 2658 2659
f 2659 2660 2653
f 2653 2655 2659
f 2661 2654 2653
f 2653 2660 2661
f 2650 2652 2656
f 2656 2662 2663
f 2663 2657 2656
f 2660 2664 2665
f 2665 2661 2660
f 2666 2667 2659
f 2659 2658 2666
f 2665 2664 2668
f 2667 2669 2668
f 2668 2664 2667
f 2667 2666 2670
f 2670 2669 2667
f 2666 2663 2671
f 2671 2670 2666
f 2662 2672 2671
f 2671 2663 2662
f 2668 2673 2665
f 2670 2671 2674
f 2674 2675 2670
f 2676 2674 2671
f 2671 2672 2676
f 2677 2673 2668
f 2668 2678 2677
f 2679 2678 2668
f 2668 2669 2679
f 2670 2675 2679
f 2679 2669 2670
f 2680 2681 2674
f 2682 2675 2674
f 2674 2681 2682
f 2683 2679 2675
f 2675 2682 2683
f 2683 2684 2678
f 2678 2679 2683
f 2685 2677 2678
f 2678 2684 2685
f 2674 2676 2680
f 2680 2686 2687
f 2687 2681 2680
f 2684 2688 2689
f 2689 2685 2684
f 2690 2691 2683
f 2683 2682 2690
f 2689 2688 2692
f 2691 2693 2692
f 2692 2688 2691
f 2691 2690 2694
f 2694 2693 2691
f 2690 2687 2695
f 2695 2694 2690
f 2686 2696 2695
f 2695 2687 2686
f 2692 2697 2689
f 2694 2695 2698
f 2698 2699 2694
f 2700 2698 2695
f 2695 2696 2700
f 2701 2697 2692
f 2692 2702 2701
f 2703 2702 2692
f 2692 2693 2703
f 2694 2699 2703
f 2703 2693 2694
f 2704 2705 2698
f 2706 2699 2698
f 2698 2705 2706
f 2707 2703 2699
f 2699 2706 2707
f 2707 2708 2702
f 2702 2703 2707
f 2709 2701 2702
f 2702 2708 2709
f 2698 2700 2704
f 2704 2710 2711
f 2711 2705 2704
f 2708 2712 2713
f 2713 2709 2708
f 2714 2715 2707
f 2707 2706 2714
f 2713 2712 2716
f 2715 2717 2716
f 2716 2712 2715
f 2715 2714 2718
f 2718 2717 2715
f 2714 2711 2719
f 2719 2718 2714
f 2710 2720 2719
f 2719 2711 2710
f 2716 2721 2713
f 2718 2719 2722
f 2722 2723 2718
f 2724 2722 2719
f 2719 2720 2724
f 2725 2721 2716
f 2716 2726 2725
f 2727 2726 2716
f 2716 2717 2727
f 2727 2717 2718
f 2718 2723 2727
f 2728 2729 2722
f 2730 2723 2722
f 2722 2729 2730
f 2731 2727 2723
f 2723 2730 2731
f 2731 2732 2726
f 2726 2727 2731
f 2733 2725 2726
f 2726 2732 2733
f 2722 2724 2728
f 2728 2734 2735
f 2735 2729 2728
f 2732 2736 2737
f 2737 2733 2732
f 2738 2739 2731
f 2731 2730 2738
f 2737 2736 2740
f 2739 2741 2740
f 2740 2736 2739
f 2739 2738 2742
f 2742 2741 2739
f 2738 2735 2743
f 2743 2742 2738
f 2734 2744 2743
f 2743 2735 2734
f 2740 2745 2737
f 2742 2743 2746
f 2746 2747 2742
f 2743 2744 2748
f 2748 2746 2743
f 2740 2749 2750
f 2750 2745 2740
f 2740 2741 2751
f 2751 2749 2740
f 2742 2747 2751
f 2751 2741 2742
f 2752 2753 2746
f 2754 2747 2746
f 2746 2753 2754
f 2755 2751 2747
f 2747 2754 2755
f 2755 2756 2749
f 2749 2751 2755
f 2757 2750 2749
f 2749 2756 2757
f 2746 2748 2752
f 2752 2758 2759
f 2758 2760 2759
f 2759 2753 2752
f 2757 2756 2761
f 2761 2762 2757
f 2761 2763 2762
f 2754 2764 2765
f 2766 2765 2764
f 2764 2767 2766
f 2765 2755 2754
f 2762 2763 2768
f 2766 2769 2768
f 2768 2763 2766
f 2766 2767 2770
f 2770 2769 2766
f 2767 2760 2771
f 2771 2770 2767
f 2758 2772 2771
f 2771 2760 2758
f 2768 2773 2762
f 2770 2771 2774
f 2774 2775 2770
f 2776 2774 2771
f 2771 2772 2776
f 2777 2773 2768
f 2768 2778 2777
f 2779 2778 2768
f 2768 2769 2779
f 2770 2775 2779
f 2779 2769 2770
f 2780 2781 2774
f 2782 2775 2774
f 2774 2781 2782
f 2783 2779 2775
f 2775 2782 2783
f 2783 2784 2778
f 2778 2779 2783
f 2785 2777 2778
f 2778 2784 2785
f 2774 2776 2780
f 2780 2786 2787
f 2787 2781 2780
f 2784 2788 2789
f 2789 2785 2784
f 2790 2791 2783
f 2783 2782 2790
f 2576 2734 2728
f 2576 2758 2752
f 2752 2734 2576
f 2728 2710 2576
f 2576 2780 2758
f 2576 2786 2780
f 2576 2792 2786
f 2724 2720 2710
f 2576 2793 2792
f 2557 2656 2626
f 2626 2656 2652
f 2744 2734 2752
f 2652 2648 2626
f 2557 2680 2662
f 2557 2704 2686
f 2686 2704 2700
f 2772 2758 2780
f 2710 2728 2724
f 2662 2656 2557
f 2672 2662 2680
f 2700 2696 2686
f 2557 2576 2710
f 2794 2786 2792
f 2752 2748 2744
f 2680 2676 2672
f 2710 2704 2557
f 2780 2776 2772
f 2795 2796 2793
f 2686 2680 2557
f 2793 2576 2795
f 2558 2557 2620
f 2792 2797 2794
f 2626 2620 2557
f 2620 2572 2558
f 2792 2793 2798
f 2798 2799 2792
f 2795 2800 2801
f 2801 2796 2795
f 2800 2802 2803
f 2803 2801 2800
f 2804 2794 2797
f 2797 2805 2804
f 2806 2804 2805
f 2805 2807 2806
f 2802 2808 2809
f 2809 2803 2802
f 2808 2810 2811
f 2811 2809 2808
f 2810 2812 2813
f 2813 2811 2810
f 2806 2807 2814
f 2814 2815 2806
f 2789 2788 2816
f 2791 2815 2816
f 2816 2788 2791
f 2791 2790 2806
f 2806 2815 2791
f 2790 2787 2804
f 2804 2806 2790
f 2786 2794 2804
f 2804 2787 2786
f 2816 2817 2789
f 2816 2818 2819
f 2819 2817 2816
f 2816 2815 2814
f 2814 2818 2816
f 2812 2602 2820
f 2602 2789 2821
f 2821 2820 2602
f 2819 2821 2789
f 2789 2817 2819
f 2602 2762 2785
f 2785 2789 2602
f 2777 2785 2762
f 2762 2773 2777
f 2602 2737 2757
f 2602 2685 2689
f 2757 2762 2602
f 2750 2757 2737
f 2602 2665 2685
f 2689 2709 2602
f 2737 2745 2750
f 2602 2713 2733
f 2733 2737 2602
f 2725 2733 2713
f 2689 2701 2709
f 2602 2629 2661
f 2661 2629 2649
f 2713 2721 2725
f 2709 2713 2602
f 2689 2697 2701
f 2649 2654 2661
f 2545 2625 2629
f 2677 2685 2665
f 2629 2602 2545
f 2559 2574 2625
f 2665 2673 2677
f 2625 2545 2559
f 2661 2665 2602
f 2820 2813 2812
f 2822 2823 2820
f 2820 2821 2822
f 2792 2799 2805
f 2824 2807 2805
f 2805 2799 2824
f 2825 2814 2807
f 2807 2824 2825
f 2825 2822 2818
f 2818 2814 2825
f 2821 2819 2818
f 2818 2822 2821
f 2805 2797 2792
f 2820 2823 2811
f 2826 2809 2811
f 2811 2823 2826
f 2826 2827 2803
f 2803 2809 2826
f 2827 2798 2801
f 2801 2803 2827
f 2793 2796 2801
f 2801 2798 2793
f 2811 2813 2820
f 2827 2826 2825
f 2825 2824 2827
f 2828 2829 2830
f 2808 2829 2828
f 2831 2829 2808
f 2609 2619 2830
f 2830 2619 2832
f 2831 2802 2833
f 2808 2802 2831
f 2830 2832 2828
f 2828 2834 2808
f 2833 2802 2800
f 2833 2835 2831
f 2835 2597 2836
f 2576 2586 2800
f 2800 2586 2837
f 2836 2831 2835
f 2591 2838 2836
f 2800 2837 2833
f 2836 2597 2591
f 2830 2839 2609
f 2834 2608 2810
f 2810 2808 2834
f 2602 2812 2810
f 2810 2608 2602
f 2800 2795 2576
f 2836 2838 2840
f 2840 2841 2836
f 2831 2836 2841
f 2841 2842 2831
f 2829 2831 2842
f 2842 2843 2829
f 2830 2829 2843
f 2843 2844 2830
f 2839 2830 2844
f 2844 2845 2839
f 2846 2847 2841
f 2848 2842 2841
f 2841 2847 2848
f 2848 2849 2843
f 2843 2842 2848
f 2849 2850 2844
f 2844 2843 2849
f 2851 2845 2844
f 2844 2850 2851
f 2841 2840 2846
f 2847 2846 2852
f 2852 2853 2847
f 2850 2854 2855
f 2855 2851 2850
f 2848 2856 2857
f 2857 2849 2848
f 2639 2638 2858
f 2642 2859 2858
f 2858 2638 2642
f 2642 2643 2860
f 2860 2859 2642
f 2643 2640 2861
f 2861 2860 2643
f 2641 2862 2861
f 2861 2640 2641
f 2858 2863 2639
f 2863 2858 2864
f 2864 2865 2863
f 2859 2866 2864
f 2864 2858 2859
f 2859 2860 2867
f 2867 2866 2859
f 2861 2868 2867
f 2867 2860 2861
f 2861 2862 2869
f 2869 2868 2861
f 2870 2871 2868
f 2872 2867 2868
f 2868 2871 2872
f 2872 2873 2866
f 2866 2867 2872
f 2873 2874 2864
f 2864 2866 2873
f 2875 2865 2864
f 2864 2874 2875
f 2868 2869 2870
f 2876 2877 2875
f 2875 2874 2876
f 2878 2871 2870
f 2870 2879 2878
f 2880 2873 2872
f 2872 2881 2880
f 2877 2876 2882
f 2880 2883 2882
f 2882 2876 2880
f 2880 2881 2884
f 2884 2883 2880
f 2881 2878 2885
f 2885 2884 2881
f 2879 2886 2885
f 2885 2878 2879
f 2882 2887 2877
f 2888 2889 2887
f 2887 2882 2888
f 2888 2882 2883
f 2883 2890 2888
f 2891 2890 2883
f 2883 2884 2891
f 2891 2884 2885
f 2885 2892 2891
f 2893 2892 2885
f 2885 2886 2893
f 2894 2895 2892
f 2896 2891 2892
f 2892 2895 2896
f 2896 2897 2890
f 2890 2891 2896
f 2897 2898 2888
f 2888 2890 2897
f 2899 2889 2888
f 2888 2898 2899
f 2892 2893 2894
f 2900 2901 2899
f 2899 2898 2900
f 2902 2895 2894
f 2894 2903 2902
f 2904 2897 2896
f 2896 2905 2904
f 2901 2900 2906
f 2904 2907 2906
f 2906 2900 2904
f 2904 2905 2908
f 2908 2907 2904
f 2905 2902 2909
f 2909 2908 2905
f 2903 2910 2909
f 2909 2902 2903
f 2906 2911 2901
f 2912 2913 2911
f 2911 2906 2912
f 2912 2906 2907
f 2907 2914 2912
f 2915 2914 2907
f 2907 2908 2915
f 2915 2908 2909
f 2909 2916 2915
f 2917 2916 2909
f 2909 2910 2917
f 2918 2919 2916
f 2920 2915 2916
f 2916 2919 2920
f 2920 2921 2914
f 2914 2915 2920
f 2921 2922 2912
f 2912 2914 2921
f 2923 2913 2912
f 2912 2922 2923
f 2916 2917 2918
f 2924 2925 2923
f 2923 2922 2924
f 2926 2919 2918
f 2918 2927 2926
f 2928 2921 2920
f 2920 2929 2928
f 2925 2924 2930
f 2928 2931 2930
f 2930 2924 2928
f 2928 2929 2932
f 2932 2931 2928
f 2929 2926 2933
f 2933 2932 2929
f 2927 2934 2933
f 2933 2926 2927
f 2930 2935 2925
f 2936 2937 2935
f 2935 2930 2936
f 2936 2930 2931
f 2931 2938 2936
f 2939 2938 2931
f 2931 2932 2939
f 2939 2932 2933
f 2933 2940 2939
f 2941 2940 2933
f 2933 2934 2941
f 2942 2943 2940
f 2944 2939 2940
f 2940 2943 2944
f 2944 2945 2938
f 2938 2939 2944
f 2945 2946 2936
f 2936 2938 2945
f 2947 2937 2936
f 2936 2946 2947
f 2940 2941 2942
f 2948 2949 2947
f 2947 2946 2948
f 2950 2943 2942
f 2942 2951 2950
f 2952 2945 2944
f 2944 2953 2952
f 2949 2948 2954
f 2952 2955 2954
f 2954 2948 2952
f 2952 2953 2956
f 2956 2955 2952
f 2953 2950 2957
f 2957 2956 2953
f 2951 2958 2957
f 2957 2950 2951
f 2954 2959 2949
f 2959 2954 2960
f 2960 2961 2959
f 2955 2962 2960
f 2960 2954 2955
f 2955 2956 2963
f 2963 2962 2955
f 2957 2964 2963
f 2963 2956 2957
f 2957 2958 2965
f 2965 2964 2957
f 2966 2967 2964
f 2968 2963 2964
f 2964 2967 2968
f 2968 2969 2962
f 2962 2963 2968
f 2969 2970 2960
f 2960 2962 2969
f 2971 2961 2960
f 2960 2970 2971
f 2964 2965 2966
f 2971 2970 2972
f 2972 2973 2971
f 2972 2974 2973
f 2966 2975 2976
f 2975 2977 2976
f 2976 2967 2966
f 2978 2979 2980
f 2969 2968 2981
f 2981 2980 2969
f 2980 2981 2978
f 2959 2961 2971
f 2553 2947 2949
f 2947 2925 2935
f 2553 2923 2925
f 2949 2971 2553
f 2925 2947 2553
f 2923 2901 2911
f 2553 2899 2901
f 2553 2982 2983
f 2935 2937 2947
f 2901 2923 2553
f 2899 2877 2887
f 2553 2875 2877
f 2553 2973 2982
f 2983 2852 2553
f 2911 2913 2923
f 2877 2899 2553
f 2875 2639 2863
f 2553 2637 2639
f 2984 2985 2852
f 2553 2971 2973
f 2887 2889 2899
f 2639 2875 2553
f 2982 2973 2986
f 2863 2865 2875
f 2563 2565 2637
f 2838 2591 2846
f 2591 2553 2852
f 2986 2987 2982
f 2852 2983 2984
f 2637 2553 2563
f 2852 2846 2591
f 2971 2949 2959
f 2846 2840 2838
f 2988 2983 2982
f 2982 2989 2988
f 2984 2990 2991
f 2991 2985 2984
f 2992 2987 2986
f 2986 2993 2992
f 2994 2995 2991
f 2991 2990 2994
f 2992 2993 2996
f 2996 2997 2992
f 2994 2998 2999
f 2999 2995 2994
f 2855 2854 3000
f 2857 2999 3000
f 3000 2854 2857
f 2857 2856 2995
f 2995 2999 2857
f 2856 2853 2991
f 2991 2995 2856
f 2852 2985 2991
f 2991 2853 2852
f 3000 3001 2855
f 3002 3000 2999
f 2999 2998 3002
f 3002 3003 3001
f 3001 3000 3002
f 3004 2997 2996
f 2996 3005 3004
f 2973 2974 2993
f 2979 2996 2993
f 2993 2974 2979
f 2979 2978 3005
f 3005 2996 2979
f 2978 2977 3006
f 3006 3005 2978
f 2975 3007 3006
f 3006 2977 2975
f 2993 2986 2973
f 3004 3005 3006
f 3006 3008 3004
f 3009 3008 3006
f 3006 3007 3009
f 2609 2975 2966
f 2966 2951 2609
f 2951 2942 2609
f 2609 3010 2975
f 2609 3011 3010
f 2609 2855 3011
f 2609 2851 2855
f 2941 2934 2927
f 2561 2870 2641
f 2641 2870 2869
f 2958 2951 2966
f 2942 2927 2609
f 2869 2862 2641
f 2561 2894 2879
f 2561 2918 2903
f 2903 2918 2917
f 3007 2975 3010
f 2927 2942 2941
f 2879 2870 2561
f 2893 2886 2879
f 2917 2910 2903
f 2561 2609 2927
f 3003 3011 2855
f 2966 2965 2958
f 2879 2894 2893
f 2927 2918 2561
f 3010 3009 3007
f 2839 2845 2851
f 2903 2894 2561
f 2851 2609 2839
f 2562 2561 2632
f 2855 3001 3003
f 2641 2632 2561
f 2632 2569 2562
f 3012 3013 3010
f 3010 3011 3012
f 3010 3013 3008
f 3014 3004 3008
f 3008 3013 3014
f 3014 3015 2997
f 2997 3004 3014
f 3015 2989 2992
f 2992 2997 3015
f 2982 2987 2992
f 2992 2989 2982
f 3008 3009 3010
f 2983 2988 2990
f 3016 2994 2990
f 2990 2988 3016
f 3016 3017 2998
f 2998 2994 3016
f 3017 3012 3002
f 3002 2998 3017
f 3011 3003 3002
f 3002 3012 3011
f 2990 2984 2983
f 3016 3015 3014
f 3014 3017 3016
f 2560 2551 3028
f 2550 2634 2633
f 2550 3029 2643
f 2643 2634 2550
f 3029 3028 2640
f 2640 2643 3029
f 2551 2633 2640
f 2640 3028 2551
f 2541 2623 2631
f 2541 2546 2624
f 2624 2623 2541
f 2546 2599 2628
f 2628 2624 2546
f 3030 2631 2628
f 2628 2599 3030
f 2618 3028 3031
f 3029 2872 2871
f 3029 3032 2881
f 2881 2872 3029
f 3032 3031 2878
f 2878 2881 3032
f 3031 3028 2871
f 2871 2878 3031
f 3029 3030 3033
f 3033 3030 2659
f 3030 2599 2660
f 2660 2659 3030
f 2599 2598 2664
f 2664 2660 2599
f 3033 2667 2664
f 2664 2598 3033
f 2617 3031 3034
f 3032 2896 2895
f 3032 3035 2905
f 2905 2896 3032
f 3035 3034 2902
f 2902 2905 3035
f 3034 3031 2895
f 2895 2902 3034
f 3036 3033 2683
f 3033 2598 2684
f 2684 2683 3033
f 2598 2600 2688
f 2688 2684 2598
f 3036 2691 2688
f 2688 2600 3036
f 2616 3034 3037
f 3035 2920 2919
f 3035 3038 2929
f 2929 2920 3035
f 3038 3037 2926
f 2926 2929 3038
f 3037 3034 2919
f 2919 2926 3037
f 3039 3036 2707
f 3036 2600 2708
f 2708 2707 3036
f 2600 2601 2712
f 2712 2708 2600
f 3039 2715 2712
f 2712 2601 3039
f 2615 3037 3040
f 3038 2944 2943
f 3038 3041 2953
f 2953 2944 3038
f 3041 3040 2950
f 2950 2953 3041
f 3040 3037 2943
f 2943 2950 3040
f 3042 3039 2731
f 3039 2601 2732
f 2732 2731 3039
f 2603 2736 2732
f 2732 2601 2603
f 3042 2739 2736
f 2736 2603 3042
f 2614 3040 3043
f 2613 3043 3044
f 3045 3046 3047
f 2612 3044 3048
f 3049 3014 3013
f 3049 3050 3017
f 3017 3014 3049
f 3050 3048 3012
f 3012 3017 3050
f 3048 3044 3013
f 3013 3012 3048
f 3049 3047 3051
f 3051 3047 2783
f 3047 2605 2784
f 2784 2783 3047
f 2606 2788 2784
f 2784 2605 2606
f 3051 2791 2788
f 2788 2606 3051
f 2610 3048 3052
f 3050 2857 2854
f 3053 2849 2857
f 2857 3050 3053
f 3053 3052 2850
f 2850 2849 3053
f 3052 3048 2854
f 2854 2850 3052
f 3050 3051 3054
f 3054 3051 2825
f 3051 2606 2822
f 2822 2825 3051
f 2607 2823 2822
f 2822 2606 2607
f 3054 2826 2823
f 2823 2607 3054
f 2611 3052 2832
f 3052 3053 2828
f 3053 3054 2834
f 3054 2607 2608
f 3030 3029 2481
f 2550 2484 2481
f 2541 3030 2482
f 2481 3029 2550
f 2481 2482 3030
f 3046 3042 2755
f 3042 2603 2756
f 2756 2755 3042
f 2604 2761 2756
f 2756 2603 2604
f 2604 2605 2763
f 3047 2766 2763
f 2763 2605 3047
f 3046 2765 2766
f 2766 3047 3046
f 3049 3044 2977
f 3043 2976 2977
f 3045 3049 2978
f 2977 3044 3043
f 2977 2978 3049
f 3041 2968 2967
f 3045 2981 2968
f 3043 3040 2967
f 2968 3041 3045
f 2967 3040 3041
f 3018 3039 3042
f 3019 3036 3039
f 3035 3032 3020
f 3033 3021 3020
f 3020 3032 3033
f 3036 3019 3021
f 3021 3033 3036
f 3035 3022 3023
f 3038 3023 3024
f 3045 3025 3026
f 3041 3024 3025
f 3042 3046 3026
f 3025 3045 3041
f 3026 3046 3045
f 3026 3027 3042
f 3024 3041 3038
f 3023 3038 3035
f 3020 3022 3035
f 3039 3018 3019
f 3042 3027 3018
f 2967 2976 3043
f 2978 2981 3045
f 2763 2761 2604
f 2755 2765 3046
f 2482 2487 2541
f 2608 2834 3054
f 2834 2828 3053
f 2828 2832 3052
f 2832 2619 2611
f 2825 2826 3054
f 3054 3053 3050
f 2854 3048 3050
f 3052 2611 2610
f 2783 2791 3051
f 3051 3050 3049
f 3013 3044 3049
f 3048 2610 2612
f 3047 3049 3045
f 3044 2612 2613
f 3043 2613 2614
f 2731 2739 3042
f 2943 3037 3038
f 3040 2614 2615
f 2707 2715 3039
f 2919 3034 3035
f 3037 2615 2616
f 2683 2691 3036
f 2895 3031 3032
f 3034 2616 2617
f 2659 2667 3033
f 3033 3032 3029
f 2871 3028 3029
f 3031 2617 2618
f 2631 3030 2541
f 2633 2551 2550
f 3028 2618 2560
f 3055 3026 3025
f 3025 3056 3055
f 3057 3058 3055
f 3059 3060 3058
f 3061 3062 3060
f 3063 3064 3062
f 3065 3066 3064
f 3067 3068 3066
f 3069 3070 3068
f 3071 3072 3070
f 3073 3074 3072
f 3075 3076 3074
f 3077 3078 3076
f 3079 3080 3078
f 3081 3082 3080
f 3083 3084 3082
f 3085 3086 3084
f 3087 3088 3086
f 3089 3090 3088
f 3091 3092 3090
f 3093 3094 3092
f 3095 3096 3094
f 3097 3098 3096
f 3099 3100 3098
f 3101 3102 3100
f 3103 3104 3102
f 3105 3106 3104
f 3107 3108 3106
f 3109 3110 3108
f 3111 3112 3110
f 3113 3114 3112
f 3112 3111 3113
f 3110 3109 3111
f 3108 3107 3109
f 3106 3105 3107
f 3104 3103 3105
f 3102 3101 3103
f 3100 3099 3101
f 3098 3097 3099
f 3096 3095 3097
f 3094 3093 3095
f 3092 3091 3093
f 3090 3089 3091
f 3088 3087 3089
f 3086 3085 3087
f 3084 3083 3085
f 3082 3081 3083
f 3080 3079 3081
f 3078 3077 3079
f 3076 3075 3077
f 3074 3073 3075
f 3072 3071 3073
f 3070 3069 3071
f 3068 3067 3069
f 3066 3065 3067
f 3064 3063 3065
f 3062 3061 3063
f 3060 3059 3061
f 3058 3057 3059
f 3055 3056 3057
f 3113 3115 3116
f 3116 3114 3113
f 3116 3115 3117
f 3118 3119 3117
f 3120 3121 3118
f 3122 3123 3121
f 3124 3125 3123
f 3126 3127 3125
f 3128 3129 3127
f 3130 3131 3129
f 3132 3133 3131
f 3134 3135 3133
f 3136 3137 3135
f 3138 3139 3137
f 3140 3141 3139
f 3142 3143 3141
f 3144 3145 3143
f 3146 3147 3145
f 3148 3149 3147
f 3150 3151 3149
f 3151 3150 3152
f 3152 3153 3151
f 3149 3148 3150
f 3147 3146 3148
f 3145 3144 3146
f 3143 3142 3144
f 3141 3140 3142
f 3139 3138 3140
f 3137 3136 3138
f 3135 3134 3136
f 3133 3132 3134
f 3131 3130 3132
f 3129 3128 3130
f 3127 3126 3128
f 3125 3124 3126
f 3123 3122 3124
f 3121 3120 3122
f 3118 3154 3120
f 3117 3154 3118
f 3117 3119 3116
f 3155 3156 3153
f 3157 3158 3156
f 3159 3160 3158
f 3161 3162 3160
f 3163 3164 3162
f 3165 3166 3164
f 3167 3168 3166
f 3169 3170 3168
f 3171 3172 3170
f 3173 3174 3172
f 3175 3176 3174
f 3177 3178 3176
f 3179 3180 3178
f 3181 3182 3180
f 3182 3181 3183
f 3183 3184 3182
f 3180 3179 3181
f 3178 3177 3179
f 3176 3175 3177
f 3174 3173 3175
f 3172 3171 3173
f 3170 3169 3171
f 3168 3167 3169
f 3166 3165 3167
f 3164 3163 3165
f 3162 3161 3163
f 3160 3159 3161
f 3158 3157 3159
f 3156 3155 3157
f 3153 3152 3155
f 3185 3184 3183
f 3186 3187 3185
f 3188 3189 3187
f 3190 3191 3189
f 3192 3193 3191
f 3194 3195 3193
f 3196 3197 3195
f 3198 3199 3197
f 3200 3201 3199
f 3202 3203 3201
f 3204 3205 3203
f 3204 3206 3207
f 3207 3205 3204
f 3203 3202 3204
f 3201 3200 3202
f 3199 3198 3200
f 3197 3196 3198
f 3195 3194 3196
f 3193 3192 3194
f 3191 3190 3192
f 3189 3188 3190
f 3187 3186 3188
f 3185 3208 3186
f 3183 3208 3185
f 3209 3210 3207
f 3211 3212 3210
f 3213 3214 3212
f 3215 3216 3214
f 3217 3218 3216
f 3219 3220 3218
f 3221 3222 3220
f 3223 3224 3222
f 3225 3226 3224
f 3224 3223 3225
f 3222 3221 3223
f 3220 3219 3221
f 3218 3217 3219
f 3216 3215 3217
f 3214 3213 3215
f 3212 3211 3213
f 3210 3209 3211
f 3207 3206 3209
f 3226 3225 3227
f 3228 3227 3229
f 3230 3229 3231
f 3231 3232 3230
f 3229 3230 3228
f 3227 3228 3226
f 3231 3233 3234
f 3234 3232 3231
f 3234 3233 3235
f 3236 3235 3237
f 3237 3238 3236
f 3235 3236 3234
f 3237 3239 3240
f 3240 3238 3237
f 3239 3241 3242
f 3242 3240 3239
f 3242 3241 3243
f 3244 3243 3245
f 3246 3245 3247
f 3248 3247 3249
f 3250 3249 3251
f 3251 3252 3250
f 3249 3250 3248
f 3247 3248 3246
f 3245 3246 3244
f 3243 3244 3242
f 3251 3253 3254
f 3254 3252 3251
f 3254 3253 3020
f 3020 3021 3254
f 2556 2548 3265
f 2547 3266 2630
f 3266 3265 2627
f 2627 2630 3266
f 2548 2621 2627
f 2547 2622 2621
f 2627 3265 2548
f 2630 2622 2547
f 2547 2544 3267
f 2544 2554 2636
f 2554 2588 2638
f 2638 2636 2554
f 3267 2642 2638
f 2638 2588 3267
f 2544 2635 2642
f 2642 3267 2544
f 2585 3265 3268
f 3266 3269 2666
f 3269 3268 2663
f 2663 2666 3269
f 3268 3265 2657
f 3266 2658 2657
f 2657 2663 3268
f 2666 2658 3266
f 3266 3267 3270
f 3267 2588 2874
f 2588 2587 2876
f 2876 2874 2588
f 3270 2880 2876
f 2876 2587 3270
f 3270 3267 2873
f 2873 2880 3270
f 2584 3268 3271
f 3269 3272 2690
f 3272 3271 2687
f 2687 2690 3272
f 3268 2681 2687
f 3269 2682 2681
f 2687 3271 3268
f 2690 2682 3269
f 3270 2587 2898
f 2587 2589 2900
f 2900 2898 2587
f 3273 2904 2900
f 2900 2589 3273
f 3273 3270 2897
f 2897 2904 3273
f 2583 3271 3274
f 3272 3275 2714
f 3275 3274 2711
f 2711 2714 3275
f 3274 3271 2705
f 3272 2706 2705
f 2705 2711 3274
f 2714 2706 3272
f 3273 2589 2922
f 2589 2590 2924
f 2924 2922 2589
f 3276 2928 2924
f 2924 2590 3276
f 3276 3273 2921
f 2921 2928 3276
f 2582 3274 3277
f 3275 3278 2738
f 3278 3277 2735
f 2735 2738 3278
f 3277 3274 2729
f 3275 2730 2729
f 2729 2735 3277
f 2738 2730 3275
f 3276 2590 2946
f 2590 2592 2948
f 2948 2946 2590
f 3279 2952 2948
f 2948 2592 3279
f 3279 3276 2945
f 2945 2952 3279
f 2581 3277 3280
f 2580 3280 3281
f 3282 3283 3284
f 2579 3281 3285
f 3286 3287 2790
f 3287 3285 2787
f 2787 2790 3287
f 3281 2781 2787
f 3286 2782 2781
f 2787 3285 3281
f 2790 2782 3286
f 3286 3284 3288
f 3284 2594 2989
f 2594 2595 2988
f 2988 2989 2594
f 3288 3016 2988
f 2988 2595 3288
f 3288 3284 3015
f 3015 3016 3288
f 2577 3285 3289
f 3290 2827 2824
f 3290 3289 2798
f 2798 2827 3290
f 3289 3285 2799
f 3287 2824 2799
f 2799 2798 3289
f 2824 3287 3290
f 3287 3288 3291
f 2596 2847 2853
f 3291 2848 2847
f 2847 2596 3291
f 3291 3288 2856
f 3288 2595 2853
f 2856 2848 3291
f 2853 2595 2596
f 2578 3289 2837
f 3289 3290 2833
f 3290 3291 2835
f 3291 2596 2597
f 3272 3255 3256
f 3275 3256 3257
f 3279 3283 3258
f 3283 3282 3259
f 3259 3258 3283
f 3278 3257 3259
f 3259 3282 3278
f 3260 3276 3279
f 3261 3273 3276
f 3269 3270 3262
f 3273 3261 3262
f 3272 3269 3263
f 3262 3270 3273
f 3262 3263 3269
f 2593 2594 2974
f 3284 2979 2974
f 2974 2594 3284
f 3283 2980 2979
f 2979 3284 3283
f 3283 3279 2969
f 3279 2592 2970
f 2970 2969 3279
f 2593 2972 2970
f 2970 2592 2593
f 3282 3286 2767
f 3286 3281 2760
f 2760 2767 3286
f 3280 2759 2760
f 2760 3281 3280
f 3280 3277 2753
f 3278 2754 2753
f 2753 3277 3278
f 3282 2764 2754
f 2754 3278 3282
f 2753 2759 3280
f 2767 2764 3282
f 2969 2980 3283
f 2974 2972 2593
f 3263 3255 3272
f 3276 3260 3261
f 3279 3264 3260
f 3258 3264 3279
f 3257 3278 3275
f 3256 3275 3272
f 2597 2835 3291
f 2835 2833 3290
f 2833 2837 3289
f 2837 2586 2578
f 2853 2856 3288
f 3291 3290 3287
f 2799 3285 3287
f 3289 2578 2577
f 2989 3015 3284
f 3288 3287 3286
f 2781 3281 3286
f 3285 2577 2579
f 3284 3286 3282
f 3281 2579 2580
f 3280 2580 2581
f 2946 2945 3276
f 2729 3274 3275
f 3277 2581 2582
f 2922 2921 3273
f 2705 3271 3272
f 3274 2582 2583
f 2898 2897 3270
f 2681 3268 3269
f 3271 2583 2584
f 2874 2873 3267
f 3270 3269 3266
f 2657 3265 3266
f 3268 2584 2585
f 2636 2635 2544
f 3267 3266 2547
f 2621 2548 2547
f 3265 2585 2556
f 3262 3292 3293
f 3294 3293 3292
f 3292 3295 3294
f 3296 3294 3295
f 3295 3297 3296
f 3298 3296 3297
f 3297 3299 3298
f 3300 3298 3299
f 3299 3301 3300
f 3302 3300 3301
f 3301 3303 3302
f 3293 3263 3262
f 3304 3305 3306
f 3307 3304 3308
f 3309 3310 3311
f 3312 3311 3310
f 3310 3307 3312
f 3313 3309 3314
f 3305 3315 3316
f 3303 3313 3317
f 3317 3302 3303
f 3316 3306 3305
f 3314 3317 3313
f 3311 3314 3309
f 3308 3312 3307
f 3306 3308 3304
f 3315 3318 3319
f 3320 3319 3318
f 3318 3321 3320
f 3322 3320 3321
f 3321 3323 3322
f 3324 3322 3323
f 3323 3325 3324
f 3319 3316 3315
f 3325 3326 3327
f 3328 3327 3326
f 3326 3329 3328
f 3327 3324 3325
f 3330 3331 3332
f 3333 3332 3331
f 3331 3334 3333
f 3335 3333 3334
f 3334 3336 3335
f 3329 3335 3336
f 3336 3328 3329
f 3332 3337 3330
f 3338 3339 3330
f 3330 3337 3338
f 3340 3341 3339
f 3342 3343 3341
f 3344 3343 3342
f 3345 3346 3344
f 3347 3348 3346
f 3349 3350 3351
f 3347 3351 3350
f 3350 3348 3347
f 3352 3353 3349
f 3354 3353 3352
f 3355 3356 3354
f 3354 3357 3355
f 3352 3357 3354
f 3349 3358 3352
f 3351 3358 3349
f 3346 3345 3347
f 3344 3359 3345
f 3342 3359 3344
f 3341 3340 3342
f 3339 3338 3340
f 3355 3360 3361
f 3362 3361 3360
f 3360 3363 3362
f 3364 3362 3363
f 3363 3365 3364
f 3366 3364 3365
f 3365 3367 3366
f 3368 3366 3367
f 3367 3369 3368
f 3259 3368 3369
f 3369 3258 3259
f 3361 3356 3355
f 3370 3103 3101
f 3099 3371 3372
f 3373 3374 3375
f 3105 3103 3370
f 3372 3101 3099
f 3375 3376 3373
f 3101 3372 3370
f 3097 3377 3371
f 3376 3378 3373
f 3107 3379 3380
f 3380 3113 3111
f 3107 3105 3381
f 3371 3099 3097
f 3378 3382 3373
f 3111 3109 3380
f 3370 3381 3105
f 3085 3373 3383
f 3382 3384 3373
f 3381 3379 3107
f 3384 3383 3373
f 3085 3083 3081
f 3385 3386 3387
f 3380 3115 3113
f 3095 3388 3377
f 3093 3091 3389
f 3085 3390 3391
f 3383 3392 3085
f 3081 3079 3085
f 3393 3394 3022
f 3128 3173 3171
f 3395 3396 3056
f 3397 3398 3385
f 3377 3097 3095
f 3388 3095 3093
f 3392 3390 3085
f 3079 3077 3085
f 3186 3208 3231
f 3394 3399 3023
f 3020 3400 3393
f 3020 3253 3401
f 3402 3253 3403
f 3171 3130 3128
f 3175 3173 3126
f 3056 3404 3395
f 3395 3404 3397
f 3385 3405 3386
f 3389 3388 3093
f 3091 3089 3406
f 3087 3407 3406
f 3391 3408 3085
f 3077 3075 3085
f 3231 3229 3186
f 3022 3020 3393
f 3253 3409 3401
f 3253 3410 3403
f 3411 3412 3398
f 3413 3115 3380
f 3414 3380 3415
f 3126 3124 3175
f 3122 3177 3175
f 3397 3416 3395
f 3387 3397 3385
f 3417 3025 3024
f 3406 3389 3091
f 3406 3089 3087
f 3408 3418 3085
f 3373 3085 3067
f 3075 3073 3085
f 3225 3223 3188
f 3229 3227 3186
f 3023 3399 3419
f 3401 3400 3020
f 3403 3411 3402
f 3253 3420 3421
f 3411 3422 3412
f 3415 3423 3414
f 3157 3155 3150
f 3146 3159 3157
f 3171 3169 3132
f 3175 3124 3122
f 3120 3179 3177
f 3387 3416 3397
f 3024 3424 3417
f 3087 3085 3407
f 3418 3425 3085
f 3085 3069 3067
f 3073 3071 3085
f 3233 3231 3208
f 3227 3225 3186
f 3023 3022 3394
f 3421 3410 3253
f 3253 3183 3426
f 3411 3427 3422
f 3411 3403 3428
f 3398 3429 3430
f 3415 3431 3423
f 3415 3432 3433
f 3150 3148 3157
f 3157 3148 3146
f 3169 3167 3136
f 3128 3126 3173
f 3177 3122 3120
f 3417 3404 3025
f 3024 3434 3435
f 3436 3385 3437
f 3437 3438 3439
f 3425 3407 3085
f 3071 3069 3085
f 3223 3221 3190
f 3188 3186 3225
f 3402 3409 3253
f 3183 3440 3426
f 3428 3427 3411
f 3398 3441 3429
f 3433 3431 3415
f 3415 3442 3443
f 3146 3144 3159
f 3161 3159 3144
f 3136 3134 3169
f 3120 3154 3179
f 3181 3179 3154
f 3117 3115 3183
f 3435 3424 3024
f 3024 3023 3444
f 3439 3445 3437
f 3067 3446 3373
f 3447 3063 3061
f 3396 3448 3059
f 3211 3209 3204
f 3219 3217 3196
f 3221 3219 3192
f 3208 3183 3233
f 3426 3420 3253
f 3398 3449 3450
f 3398 3397 3441
f 3451 3183 3115
f 3443 3432 3415
f 3438 3437 3442
f 3144 3142 3161
f 3163 3161 3142
f 3132 3130 3171
f 3183 3181 3117
f 3444 3434 3024
f 3438 3452 3439
f 3380 3109 3107
f 3446 3065 3063
f 3061 3453 3454
f 3061 3059 3455
f 3059 3057 3396
f 3204 3202 3211
f 3213 3211 3202
f 3196 3194 3219
f 3190 3188 3223
f 3243 3251 3249
f 3419 3456 3023
f 3430 3449 3398
f 3115 3413 3451
f 3442 3415 3438
f 3380 3414 3413
f 3142 3140 3163
f 3165 3163 3140
f 3167 3165 3138
f 3154 3117 3181
f 3385 3436 3405
f 3438 3457 3452
f 3458 3459 3438
f 3374 3460 3375
f 3446 3067 3065
f 3455 3453 3061
f 3057 3056 3396
f 3202 3200 3213
f 3215 3213 3200
f 3217 3215 3198
f 3192 3190 3221
f 3249 3247 3243
f 3398 3450 3411
f 3140 3138 3165
f 3134 3132 3169
f 3437 3445 3436
f 3438 3375 3458
f 3063 3447 3446
f 3448 3455 3059
f 3200 3198 3215
f 3194 3192 3219
f 3183 3237 3235
f 3251 3241 3239
f 3247 3245 3243
f 3451 3440 3183
f 3138 3136 3167
f 3459 3457 3438
f 3061 3454 3447
f 3198 3196 3217
f 3183 3253 3237
f 3243 3241 3251
f 3155 3152 3150
f 3460 3458 3375
f 3235 3233 3183
f 3237 3253 3251
f 3056 3025 3404
f 3239 3237 3251
f 3209 3206 3204
f 3456 3444 3023
f 3100 3102 3461
f 3462 3461 3102
f 3102 3104 3462
f 3106 3463 3462
f 3098 3100 3464
f 3462 3104 3106
f 3461 3464 3100
f 3108 3465 3463
f 3466 3110 3112
f 3108 3110 3466
f 3463 3106 3108
f 3466 3465 3108
f 3086 3080 3082
f 3467 3086 3468
f 3112 3114 3466
f 3116 3469 3470
f 3086 3078 3080
f 3086 3471 3468
f 3086 3472 3473
f 3094 3474 3475
f 3096 3098 3476
f 3464 3476 3098
f 3129 3131 3172
f 3116 3477 3469
f 3470 3478 3116
f 3086 3076 3078
f 3473 3471 3086
f 3475 3092 3094
f 3114 3116 3466
f 3176 3125 3127
f 3174 3127 3129
f 3470 3479 3478
f 3086 3074 3076
f 3086 3480 3472
f 3088 3090 3481
f 3092 3475 3481
f 3476 3474 3096
f 3123 3125 3176
f 3172 3174 3129
f 3254 3019 3018
f 3027 3116 3482
f 3470 3483 3479
f 3086 3072 3074
f 3467 3484 3068
f 3086 3485 3480
f 3486 3086 3088
f 3094 3096 3474
f 3187 3230 3232
f 3121 3123 3178
f 3127 3174 3176
f 3172 3131 3133
f 3147 3149 3158
f 3158 3149 3151
f 3254 3021 3019
f 3482 3487 3027
f 3116 3488 3489
f 3254 3490 3491
f 3492 3058 3060
f 3493 3494 3062
f 3086 3070 3072
f 3068 3086 3467
f 3086 3486 3485
f 3481 3090 3092
f 3495 3496 3497
f 3498 3499 3500
f 3187 3228 3230
f 3180 3118 3121
f 3133 3170 3172
f 3170 3135 3137
f 3160 3145 3147
f 3151 3153 3156
f 3018 3501 3490
f 3027 3502 3503
f 3027 3504 3505
f 3027 3506 3507
f 3478 3482 3116
f 3489 3508 3116
f 3491 3252 3254
f 3491 3250 3252
f 3492 3055 3058
f 3062 3509 3510
f 3062 3064 3493
f 3068 3070 3086
f 3481 3486 3088
f 3495 3511 3496
f 3238 3512 3513
f 3500 3238 3498
f 3498 3514 3515
f 3187 3226 3228
f 3226 3187 3189
f 3119 3182 3184
f 3182 3119 3118
f 3176 3178 3123
f 3170 3133 3135
f 3162 3143 3145
f 3151 3156 3158
f 3018 3516 3501
f 3503 3018 3027
f 3507 3504 3027
f 3508 3477 3116
f 3491 3248 3250
f 3060 3510 3517
f 3494 3509 3062
f 3484 3493 3064
f 3468 3518 3467
f 3495 3519 3511
f 3500 3512 3238
f 3515 3520 3498
f 3189 3224 3226
f 3234 3184 3185
f 3118 3180 3182
f 3137 3168 3170
f 3164 3141 3143
f 3158 3160 3147
f 3503 3516 3018
f 3487 3506 3027
f 3491 3246 3248
f 3510 3060 3062
f 3064 3066 3484
f 3468 3521 3518
f 3495 3522 3519
f 3116 3523 3524
f 3498 3525 3499
f 3520 3526 3498
f 3238 3527 3528
f 3185 3232 3234
f 3224 3189 3191
f 3178 3180 3121
f 3168 3137 3139
f 3166 3139 3141
f 3145 3160 3162
f 3505 3502 3027
f 3242 3491 3529
f 3491 3244 3246
f 3055 3530 3531
f 3066 3068 3484
f 3468 3532 3521
f 3495 3533 3522
f 3532 3468 3533
f 3524 3534 3116
f 3534 3535 3116
f 3027 3536 3523
f 3027 3026 3055
f 3238 3537 3538
f 3526 3525 3498
f 3238 3539 3540
f 3238 3529 3527
f 3528 3539 3238
f 3191 3222 3224
f 3222 3191 3193
f 3220 3195 3197
f 3212 3203 3205
f 3139 3166 3168
f 3143 3162 3164
f 3470 3514 3483
f 3529 3240 3242
f 3529 3238 3240
f 3491 3242 3244
f 3055 3541 3530
f 3055 3492 3542
f 3082 3084 3086
f 3533 3495 3532
f 3497 3543 3495
f 3116 3543 3544
f 3545 3495 3543
f 3055 3536 3027
f 3546 3184 3238
f 3184 3234 3236
f 3513 3537 3238
f 3514 3547 3548
f 3193 3220 3222
f 3220 3193 3195
f 3214 3201 3203
f 3205 3207 3210
f 3141 3164 3166
f 3116 3546 3488
f 3542 3541 3055
f 3543 3116 3545
f 3523 3116 3027
f 3236 3238 3184
f 3540 3498 3238
f 3514 3549 3547
f 3514 3470 3550
f 3197 3218 3220
f 3218 3197 3199
f 3216 3199 3201
f 3205 3210 3212
f 3184 3546 3116
f 3060 3517 3492
f 3535 3545 3116
f 3538 3551 3238
f 3550 3549 3514
f 3199 3216 3218
f 3203 3212 3214
f 3018 3490 3254
f 3544 3466 3116
f 3548 3515 3514
f 3201 3214 3216
f 3531 3536 3055
f 3232 3185 3187
f 3238 3551 3546
f 3184 3116 3119
f 3544 3543 3438
f 3438 3415 3544
f 3415 3380 3466
f 3466 3544 3415
f 3379 3465 3466
f 3381 3463 3465
f 3370 3462 3463
f 3372 3461 3462
f 3371 3464 3461
f 3377 3476 3464
f 3388 3474 3476
f 3389 3475 3474
f 3406 3481 3475
f 3407 3486 3481
f 3425 3485 3486
f 3418 3480 3485
f 3408 3472 3480
f 3391 3473 3472
f 3471 3473 3391
f 3392 3468 3471
f 3383 3533 3468
f 3384 3522 3533
f 3382 3519 3522
f 3378 3511 3519
f 3376 3496 3511
f 3375 3497 3496
f 3497 3375 3438
f 3438 3543 3497
f 3496 3376 3375
f 3511 3378 3376
f 3519 3382 3378
f 3522 3384 3382
f 3533 3383 3384
f 3468 3392 3383
f 3471 3390 3392
f 3391 3390 3471
f 3472 3408 3391
f 3480 3418 3408
f 3485 3425 3418
f 3486 3407 3425
f 3481 3406 3407
f 3475 3389 3406
f 3474 3388 3389
f 3476 3377 3388
f 3464 3371 3377
f 3461 3372 3371
f 3462 3370 3372
f 3463 3381 3370
f 3465 3379 3381
f 3466 3380 3379
f 3411 3450 3514
f 3402 3411 3498
f 3409 3402 3540
f 3401 3409 3539
f 3400 3401 3528
f 3393 3400 3527
f 3394 3393 3529
f 3399 3394 3491
f 3419 3399 3490
f 3456 3419 3501
f 3444 3456 3516
f 3516 3503 3444
f 3501 3516 3456
f 3490 3501 3419
f 3491 3490 3399
f 3529 3491 3394
f 3527 3529 3393
f 3528 3527 3400
f 3539 3528 3401
f 3540 3539 3409
f 3498 3540 3402
f 3514 3498 3411
f 3542 3492 3396
f 3541 3542 3395
f 3530 3541 3416
f 3531 3530 3387
f 3536 3531 3386
f 3523 3536 3405
f 3524 3523 3436
f 3534 3524 3445
f 3535 3534 3439
f 3545 3535 3452
f 3495 3545 3457
f 3457 3459 3495
f 3452 3457 3545
f 3439 3452 3535
f 3445 3439 3534
f 3436 3445 3524
f 3405 3436 3523
f 3386 3405 3536
f 3387 3386 3531
f 3416 3387 3530
f 3395 3416 3541
f 3396 3395 3542
f 3440 3451 3546
f 3426 3440 3551
f 3420 3426 3538
f 3421 3420 3537
f 3410 3421 3513
f 3403 3410 3512
f 3428 3403 3500
f 3427 3428 3499
f 3422 3427 3525
f 3412 3422 3526
f 3398 3412 3520
f 3520 3515 3398
f 3526 3520 3412
f 3525 3526 3422
f 3499 3525 3427
f 3500 3499 3428
f 3512 3500 3403
f 3513 3512 3410
f 3537 3513 3421
f 3538 3537 3420
f 3551 3538 3426
f 3546 3551 3440
f 3385 3398 3515
f 3437 3385 3548
f 3442 3437 3547
f 3443 3442 3549
f 3432 3443 3550
f 3433 3432 3470
f 3431 3433 3469
f 3423 3431 3477
f 3414 3423 3508
f 3413 3414 3489
f 3451 3413 3488
f 3488 3546 3451
f 3489 3488 3413
f 3508 3489 3414
f 3477 3508 3423
f 3469 3477 3431
f 3470 3469 3433
f 3550 3470 3432
f 3549 3550 3443
f 3547 3549 3442
f 3548 3547 3437
f 3515 3548 3385
f 3532 3495 3459
f 3521 3532 3458
f 3518 3521 3460
f 3467 3518 3374
f 3484 3467 3373
f 3493 3484 3446
f 3494 3493 3447
f 3509 3494 3454
f 3510 3509 3453
f 3517 3510 3455
f 3492 3517 3448
f 3448 3396 3492
f 3455 3448 3517
f 3453 3455 3510
f 3454 3453 3509
f 3447 3454 3494
f 3446 3447 3493
f 3373 3446 3484
f 3374 3373 3467
f 3460 3374 3518
f 3458 3460 3521
f 3459 3458 3532
f 3434 3444 3503
f 3435 3434 3502
f 3424 3435 3505
f 3417 3424 3504
f 3404 3417 3507
f 3397 3404 3506
f 3441 3397 3487
f 3429 3441 3482
f 3430 3429 3478
f 3449 3430 3479
f 3450 3449 3483
f 3483 3514 3450
f 3479 3483 3449
f 3478 3479 3430
f 3482 3478 3429
f 3487 3482 3441
f 3506 3487 3397
f 3507 3506 3404
f 3504 3507 3417
f 3505 3504 3424
f 3502 3505 3435
f 3503 3502 3434
f 3750 3332 3333
f 3751 3333 3335
f 3752 3335 3329
f 3321 3318 3552
f 3321 3553 3554
f 3318 3555 3552
f 3321 3556 3557
f 3552 3553 3321
f 3318 3558 3559
f 3318 3750 3560
f 3321 3561 3556
f 3559 3555 3318
f 3560 3562 3318
f 3321 3563 3561
f 3562 3558 3318
f 3750 3564 3565
f 3554 3563 3321
f 3565 3566 3750
f 3750 3567 3568
f 3751 3569 3567
f 3566 3560 3750
f 3568 3570 3750
f 3751 3571 3569
f 3570 3564 3750
f 3751 3572 3571
f 3567 3750 3751
f 3751 3557 3573
f 3573 3572 3751
f 3323 3574 3575
f 3323 3321 3576
f 3321 3751 3577
f 3751 3578 3579
f 3323 3580 3581
f 3576 3574 3323
f 3321 3582 3583
f 3577 3584 3321
f 3751 3585 3586
f 3751 3587 3578
f 3752 3588 3589
f 3323 3590 3580
f 3321 3591 3576
f 3584 3582 3321
f 3579 3585 3751
f 3752 3592 3587
f 3589 3593 3752
f 3752 3581 3594
f 3323 3595 3590
f 3583 3591 3321
f 3587 3751 3752
f 3594 3588 3752
f 3575 3595 3323
f 3593 3592 3752
f 3586 3577 3751
f 3325 3596 3597
f 3325 3598 3596
f 3323 3599 3598
f 3598 3325 3323
f 3323 3600 3601
f 3601 3599 3323
f 3323 3752 3602
f 3752 3326 3603
f 3326 3604 3605
f 3325 3606 3607
f 3323 3608 3600
f 3602 3609 3323
f 3603 3610 3752
f 3326 3611 3604
f 3325 3612 3606
f 3609 3608 3323
f 3605 3603 3326
f 3326 3607 3613
f 3597 3612 3325
f 3752 3614 3615
f 3752 3616 3617
f 3613 3611 3326
f 3615 3602 3752
f 3610 3616 3752
f 3617 3614 3752
f 3369 3292 3260
f 3260 3264 3369
f 3292 3261 3260
f 3292 3262 3261
f 3292 3618 3619
f 3369 3620 3621
f 3369 3367 3622
f 3619 3295 3292
f 3369 3623 3620
f 3622 3624 3369
f 3619 3625 3295
f 3292 3626 3627
f 3624 3623 3369
f 3367 3628 3629
f 3295 3630 3631
f 3627 3618 3292
f 3292 3369 3632
f 3629 3622 3367
f 3367 3633 3634
f 3625 3630 3295
f 3292 3635 3636
f 3369 3637 3632
f 3634 3628 3367
f 3295 3638 3639
f 3636 3626 3292
f 3621 3637 3369
f 3631 3638 3295
f 3367 3639 3633
f 3632 3635 3292
f 3297 3640 3641
f 3295 3642 3640
f 3365 3643 3644
f 3297 3645 3646
f 3640 3297 3295
f 3365 3647 3643
f 3365 3648 3649
f 3297 3650 3645
f 3295 3651 3642
f 3295 3652 3653
f 3367 3654 3655
f 3367 3644 3656
f 3649 3647 3365
f 3297 3657 3650
f 3653 3651 3295
f 3295 3367 3658
f 3367 3659 3654
f 3644 3367 3365
f 3641 3657 3297
f 3658 3660 3295
f 3656 3659 3367
f 3365 3646 3661
f 3660 3652 3295
f 3661 3648 3365
f 3655 3658 3367
f 3299 3662 3663
f 3299 3297 3664
f 3363 3665 3666
f 3299 3667 3668
f 3664 3662 3299
f 3363 3669 3665
f 3363 3670 3671
f 3299 3672 3667
f 3297 3673 3664
f 3297 3674 3675
f 3365 3676 3677
f 3365 3666 3678
f 3671 3669 3363
f 3299 3679 3672
f 3675 3673 3297
f 3297 3365 3680
f 3365 3681 3676
f 3666 3365 3363
f 3663 3679 3299
f 3680 3682 3297
f 3678 3681 3365
f 3363 3668 3683
f 3682 3674 3297
f 3683 3670 3363
f 3677 3680 3365
f 3301 3299 3684
f 3360 3685 3686
f 3301 3687 3688
f 3299 3689 3684
f 3299 3363 3690
f 3363 3686 3691
f 3360 3692 3685
f 3301 3693 3694
f 3684 3687 3301
f 3690 3695 3299
f 3363 3696 3697
f 3686 3363 3360
f 3360 3698 3699
f 3301 3700 3693
f 3299 3701 3689
f 3695 3702 3299
f 3363 3703 3696
f 3699 3692 3360
f 3301 3704 3700
f 3702 3701 3299
f 3691 3703 3363
f 3360 3694 3705
f 3688 3704 3301
f 3705 3698 3360
f 3697 3690 3363
f 3706 3309 3313
f 3706 3310 3309
f 3303 3301 3707
f 3310 3708 3709
f 3313 3710 3706
f 3710 3313 3303
f 3355 3711 3712
f 3357 3713 3711
f 3706 3708 3310
f 3301 3714 3707
f 3712 3360 3355
f 3711 3355 3357
f 3715 3713 3352
f 3707 3710 3303
f 3301 3716 3717
f 3301 3360 3718
f 3357 3352 3713
f 3352 3358 3715
f 3717 3714 3301
f 3718 3719 3301
f 3360 3720 3721
f 3358 3351 3715
f 3351 3722 3723
f 3719 3716 3301
f 3721 3724 3360
f 3723 3715 3351
f 3310 3725 3726
f 3724 3718 3360
f 3351 3727 3722
f 3709 3725 3310
f 3351 3726 3727
f 3712 3720 3360
f 3728 3729 3351
f 3351 3347 3728
f 3347 3345 3728
f 3318 3730 3731
f 3732 3305 3304
f 3318 3315 3305
f 3733 3307 3310
f 3345 3359 3728
f 3318 3734 3735
f 3318 3736 3730
f 3305 3732 3318
f 3733 3304 3307
f 3351 3737 3738
f 3359 3342 3728
f 3342 3750 3739
f 3731 3734 3318
f 3304 3733 3732
f 3310 3740 3741
f 3310 3351 3742
f 3729 3737 3351
f 3739 3728 3342
f 3750 3743 3744
f 3732 3736 3318
f 3310 3745 3740
f 3742 3746 3310
f 3738 3747 3351
f 3744 3739 3750
f 3750 3748 3749
f 3310 3741 3733
f 3747 3742 3351
f 3749 3743 3750
f 3746 3745 3310
f 3750 3735 3748
f 3342 3340 3750
f 3332 3750 3338
f 3750 3340 3338
f 3338 3337 3332
f 3735 3750 3318
f 3726 3351 3310
f 3694 3360 3301
f 3668 3363 3299
f 3646 3365 3297
f 3639 3367 3295
f 3264 3258 3369
f 3607 3326 3325
f 3581 3752 3323
f 3557 3751 3321
f 3329 3326 3752
f 3335 3752 3751
f 3333 3751 3750
f 3951 3753 3754
f 3319 3755 3756
f 3319 3320 3757
f 3951 3758 3753
f 3951 3759 3760
f 3319 3761 3755
f 3319 3762 3763
f 3757 3764 3319
f 3320 3765 3766
f 3320 3952 3767
f 3952 3754 3768
f 3951 3769 3758
f 3951 3756 3759
f 3763 3761 3319
f 3766 3757 3320
f 3767 3770 3320
f 3768 3771 3952
f 3760 3769 3951
f 3764 3762 3319
f 3770 3772 3320
f 3952 3773 3774
f 3754 3952 3951
f 3772 3765 3320
f 3771 3773 3952
f 3774 3767 3952
f 3953 3775 3776
f 3320 3777 3778
f 3322 3779 3780
f 3322 3781 3782
f 3953 3783 3784
f 3953 3785 3775
f 3320 3786 3777
f 3320 3787 3788
f 3782 3779 3322
f 3322 3953 3789
f 3776 3783 3953
f 3953 3952 3790
f 3952 3791 3792
f 3788 3786 3320
f 3780 3320 3322
f 3789 3793 3322
f 3790 3785 3953
f 3792 3794 3952
f 3780 3787 3320
f 3793 3795 3322
f 3794 3790 3952
f 3952 3778 3796
f 3795 3781 3322
f 3796 3791 3952
f 3784 3789 3953
f 3322 3797 3798
f 3322 3324 3799
f 3799 3797 3322
f 3324 3800 3799
f 3324 3801 3802
f 3322 3803 3804
f 3802 3800 3324
f 3327 3805 3806
f 3322 3807 3803
f 3798 3808 3322
f 3324 3327 3809
f 3327 3810 3805
f 3327 3811 3812
f 3808 3807 3322
f 3809 3813 3324
f 3327 3814 3815
f 3812 3810 3327
f 3813 3801 3324
f 3806 3814 3327
f 3953 3816 3811
f 3815 3809 3327
f 3953 3817 3816
f 3811 3327 3953
f 3953 3804 3818
f 3818 3817 3953
f 3951 3952 3334
f 3952 3953 3336
f 3953 3327 3328
f 3331 3330 3339
f 3339 3951 3331
f 3293 3256 3255
f 3368 3257 3256
f 3256 3293 3368
f 3368 3259 3257
f 3293 3294 3819
f 3293 3820 3821
f 3294 3822 3819
f 3819 3820 3293
f 3294 3823 3822
f 3294 3824 3825
f 3368 3826 3827
f 3368 3828 3829
f 3293 3830 3831
f 3825 3823 3294
f 3294 3366 3832
f 3366 3833 3834
f 3366 3827 3835
f 3368 3836 3826
f 3829 3837 3368
f 3821 3830 3293
f 3366 3838 3832
f 3835 3833 3366
f 3837 3836 3368
f 3832 3824 3294
f 3827 3366 3368
f 3834 3838 3366
f 3293 3839 3840
f 3368 3840 3828
f 3831 3839 3293
f 3364 3841 3842
f 3294 3296 3843
f 3364 3844 3841
f 3364 3366 3845
f 3843 3846 3294
f 3296 3847 3848
f 3296 3364 3849
f 3845 3844 3364
f 3366 3850 3851
f 3294 3852 3853
f 3848 3843 3296
f 3849 3854 3296
f 3364 3855 3856
f 3851 3845 3366
f 3366 3857 3858
f 3846 3852 3294
f 3854 3859 3296
f 3842 3855 3364
f 3858 3860 3366
f 3294 3861 3857
f 3859 3847 3296
f 3860 3850 3366
f 3294 3862 3861
f 3856 3849 3364
f 3853 3862 3294
f 3362 3863 3864
f 3296 3298 3865
f 3362 3866 3863
f 3362 3364 3867
f 3865 3868 3296
f 3298 3869 3870
f 3298 3362 3871
f 3867 3866 3362
f 3364 3872 3873
f 3296 3874 3875
f 3870 3865 3298
f 3871 3876 3298
f 3362 3877 3878
f 3873 3867 3364
f 3364 3879 3880
f 3868 3874 3296
f 3876 3881 3298
f 3864 3877 3362
f 3880 3882 3364
f 3296 3883 3879
f 3881 3869 3298
f 3882 3872 3364
f 3296 3884 3883
f 3878 3871 3362
f 3875 3884 3296
f 3361 3362 3885
f 3298 3300 3886
f 3885 3887 3361
f 3298 3888 3889
f 3886 3890 3298
f 3362 3891 3885
f 3298 3892 3888
f 3890 3893 3298
f 3300 3894 3895
f 3300 3361 3896
f 3361 3897 3898
f 3362 3899 3891
f 3298 3900 3892
f 3895 3886 3300
f 3896 3901 3300
f 3361 3902 3903
f 3887 3897 3361
f 3362 3889 3904
f 3893 3900 3298
f 3901 3905 3300
f 3898 3902 3361
f 3904 3906 3362
f 3905 3894 3300
f 3906 3899 3362
f 3903 3896 3361
f 3907 3908 3317
f 3302 3908 3909
f 3317 3314 3907
f 3311 3350 3910
f 3354 3356 3911
f 3356 3361 3912
f 3300 3913 3914
f 3909 3300 3302
f 3311 3915 3907
f 3311 3916 3917
f 3350 3918 3910
f 3919 3349 3353
f 3920 3353 3354
f 3361 3921 3912
f 3300 3922 3913
f 3300 3923 3924
f 3302 3317 3908
f 3917 3915 3311
f 3350 3925 3918
f 3350 3919 3926
f 3919 3350 3349
f 3912 3911 3356
f 3924 3922 3300
f 3314 3311 3907
f 3926 3925 3350
f 3911 3920 3354
f 3909 3923 3300
f 3353 3920 3919
f 3361 3927 3928
f 3910 3916 3311
f 3361 3914 3927
f 3928 3921 3361
f 3319 3929 3306
f 3929 3930 3308
f 3308 3306 3929
f 3319 3931 3932
f 3933 3348 3350
f 3319 3934 3929
f 3319 3935 3931
f 3933 3346 3348
f 3932 3934 3319
f 3319 3951 3936
f 3933 3344 3346
f 3930 3937 3311
f 3936 3935 3319
f 3343 3933 3938
f 3933 3343 3344
f 3311 3939 3940
f 3311 3937 3941
f 3311 3312 3930
f 3951 3942 3936
f 3951 3943 3944
f 3951 3938 3945
f 3951 3341 3343
f 3350 3946 3947
f 3311 3948 3939
f 3312 3308 3930
f 3944 3942 3951
f 3938 3951 3343
f 3350 3949 3946
f 3941 3948 3311
f 3945 3943 3951
f 3350 3950 3949
f 3306 3316 3319
f 3350 3940 3950
f 3350 3947 3933
f 3940 3350 3311
f 3914 3361 3300
f 3889 3362 3298
f 3879 3364 3296
f 3857 3366 3294
f 3840 3368 3293
f 3255 3263 3293
f 3339 3341 3951
f 3328 3336 3953
f 3336 3334 3952
f 3334 3331 3951
f 3804 3953 3322
f 3778 3952 3320
f 3756 3951 3319
f 3609 3602 3804
f 3608 3609 3803
f 3600 3608 3807
f 3601 3600 3808
f 3599 3601 3798
f 3598 3599 3797
f 3596 3598 3799
f 3597 3596 3800
f 3612 3597 3802
f 3606 3612 3801
f 3607 3606 3813
f 3813 3809 3607
f 3801 3813 3606
f 3802 3801 3612
f 3800 3802 3597
f 3799 3800 3596
f 3797 3799 3598
f 3798 3797 3599
f 3808 3798 3601
f 3807 3808 3600
f 3803 3807 3608
f 3804 3803 3609
f 3635 3632 3840
f 3636 3635 3839
f 3626 3636 3831
f 3627 3626 3830
f 3618 3627 3821
f 3619 3618 3820
f 3625 3619 3819
f 3630 3625 3822
f 3631 3630 3823
f 3638 3631 3825
f 3639 3638 3824
f 3824 3832 3639
f 3825 3824 3638
f 3823 3825 3631
f 3822 3823 3630
f 3819 3822 3625
f 3820 3819 3619
f 3821 3820 3618
f 3830 3821 3627
f 3831 3830 3626
f 3839 3831 3636
f 3840 3839 3635
f 3660 3658 3857
f 3652 3660 3861
f 3653 3652 3862
f 3651 3653 3853
f 3642 3651 3852
f 3640 3642 3846
f 3641 3640 3843
f 3657 3641 3848
f 3650 3657 3847
f 3645 3650 3859
f 3646 3645 3854
f 3854 3849 3646
f 3859 3854 3645
f 3847 3859 3650
f 3848 3847 3657
f 3843 3848 3641
f 3846 3843 3640
f 3852 3846 3642
f 3853 3852 3651
f 3862 3853 3653
f 3861 3862 3652
f 3857 3861 3660
f 3682 3680 3879
f 3674 3682 3883
f 3675 3674 3884
f 3673 3675 3875
f 3664 3673 3874
f 3662 3664 3868
f 3663 3662 3865
f 3679 3663 3870
f 3672 3679 3869
f 3667 3672 3881
f 3668 3667 3876
f 3876 3871 3668
f 3881 3876 3667
f 3869 3881 3672
f 3870 3869 3679
f 3865 3870 3663
f 3868 3865 3662
f 3874 3868 3664
f 3875 3874 3673
f 3884 3875 3675
f 3883 3884 3674
f 3879 3883 3682
f 3695 3690 3889
f 3702 3695 3888
f 3701 3702 3892
f 3689 3701 3900
f 3684 3689 3893
f 3687 3684 3890
f 3688 3687 3886
f 3704 3688 3895
f 3700 3704 3894
f 3693 3700 3905
f 3694 3693 3901
f 3901 3896 3694
f 3905 3901 3693
f 3894 3905 3700
f 3895 3894 3704
f 3886 3895 3688
f 3890 3886 3687
f 3893 3890 3684
f 3900 3893 3689
f 3892 3900 3701
f 3888 3892 3702
f 3889 3888 3695
f 3719 3718 3914
f 3716 3719 3913
f 3717 3716 3922
f 3714 3717 3924
f 3707 3714 3923
f 3710 3707 3909
f 3706 3710 3908
f 3708 3706 3907
f 3709 3708 3915
f 3725 3709 3917
f 3726 3725 3916
f 3916 3910 3726
f 3917 3916 3725
f 3915 3917 3709
f 3907 3915 3708
f 3908 3907 3706
f 3909 3908 3710
f 3923 3909 3707
f 3924 3923 3714
f 3922 3924 3717
f 3913 3922 3716
f 3914 3913 3719
f 3746 3742 3940
f 3745 3746 3939
f 3740 3745 3948
f 3741 3740 3941
f 3733 3741 3937
f 3732 3733 3930
f 3736 3732 3929
f 3730 3736 3934
f 3731 3730 3932
f 3734 3731 3931
f 3735 3734 3935
f 3935 3936 3735
f 3931 3935 3734
f 3932 3931 3731
f 3934 3932 3730
f 3929 3934 3736
f 3930 3929 3732
f 3937 3930 3733
f 3941 3937 3741
f 3948 3941 3740
f 3939 3948 3745
f 3940 3939 3746
f 3562 3560 3756
f 3558 3562 3755
f 3559 3558 3761
f 3555 3559 3763
f 3552 3555 3762
f 3553 3552 3764
f 3554 3553 3757
f 3563 3554 3766
f 3561 3563 3765
f 3556 3561 3772
f 3557 3556 3770
f 3770 3767 3557
f 3772 3770 3556
f 3765 3772 3561
f 3766 3765 3563
f 3757 3766 3554
f 3764 3757 3553
f 3762 3764 3552
f 3763 3762 3555
f 3761 3763 3559
f 3755 3761 3558
f 3756 3755 3562
f 3584 3577 3778
f 3582 3584 3777
f 3583 3582 3786
f 3591 3583 3788
f 3576 3591 3787
f 3574 3576 3780
f 3575 3574 3779
f 3595 3575 3782
f 3590 3595 3781
f 3580 3590 3795
f 3581 3580 3793
f 3793 3789 3581
f 3795 3793 3580
f 3781 3795 3590
f 3782 3781 3595
f 3779 3782 3575
f 3780 3779 3574
f 3787 3780 3576
f 3788 3787 3591
f 3786 3788 3583
f 3777 3786 3582
f 3778 3777 3584
f 3594 3581 3789
f 3588 3594 3784
f 3589 3588 3783
f 3593 3589 3776
f 3592 3593 3775
f 3587 3592 3785
f 3578 3587 3790
f 3579 3578 3794
f 3585 3579 3792
f 3586 3585 3791
f 3577 3586 3796
f 3796 3778 3577
f 3791 3796 3586
f 3792 3791 3585
f 3794 3792 3579
f 3790 3794 3578
f 3785 3790 3587
f 3775 3785 3592
f 3776 3775 3593
f 3783 3776 3589
f 3784 3783 3588
f 3789 3784 3594
f 3573 3557 3767
f 3572 3573 3774
f 3571 3572 3773
f 3569 3571 3771
f 3567 3569 3768
f 3568 3567 3754
f 3570 3568 3753
f 3564 3570 3758
f 3565 3564 3769
f 3566 3565 3760
f 3560 3566 3759
f 3759 3756 3560
f 3760 3759 3566
f 3769 3760 3565
f 3758 3769 3564
f 3753 3758 3570
f 3754 3753 3568
f 3768 3754 3567
f 3771 3768 3569
f 3773 3771 3571
f 3774 3773 3572
f 3767 3774 3573
f 3748 3735 3936
f 3749 3748 3942
f 3743 3749 3944
f 3744 3743 3943
f 3739 3744 3945
f 3728 3739 3938
f 3729 3728 3933
f 3737 3729 3947
f 3738 3737 3946
f 3747 3738 3949
f 3742 3747 3950
f 3950 3940 3742
f 3949 3950 3747
f 3946 3949 3738
f 3947 3946 3737
f 3933 3947 3729
f 3938 3933 3728
f 3945 3938 3739
f 3943 3945 3744
f 3944 3943 3743
f 3942 3944 3749
f 3936 3942 3748
f 3727 3726 3910
f 3722 3727 3918
f 3723 3722 3925
f 3715 3723 3926
f 3713 3715 3919
f 3711 3713 3920
f 3712 3711 3911
f 3720 3712 3912
f 3721 3720 3921
f 3724 3721 3928
f 3718 3724 3927
f 3927 3914 3718
f 3928 3927 3724
f 3921 3928 3721
f 3912 3921 3720
f 3911 3912 3712
f 3920 3911 3711
f 3919 3920 3713
f 3926 3919 3715
f 3925 3926 3723
f 3918 3925 3722
f 3910 3918 3727
f 3705 3694 3896
f 3698 3705 3903
f 3699 3698 3902
f 3692 3699 3898
f 3685 3692 3897
f 3686 3685 3887
f 3691 3686 3885
f 3703 3691 3891
f 3696 3703 3899
f 3697 3696 3906
f 3690 3697 3904
f 3904 3889 3690
f 3906 3904 3697
f 3899 3906 3696
f 3891 3899 3703
f 3885 3891 3691
f 3887 3885 3686
f 3897 3887 3685
f 3898 3897 3692
f 3902 3898 3699
f 3903 3902 3698
f 3896 3903 3705
f 3683 3668 3871
f 3670 3683 3878
f 3671 3670 3877
f 3669 3671 3864
f 3665 3669 3863
f 3666 3665 3866
f 3678 3666 3867
f 3681 3678 3873
f 3676 3681 3872
f 3677 3676 3882
f 3680 3677 3880
f 3880 3879 3680
f 3882 3880 3677
f 3872 3882 3676
f 3873 3872 3681
f 3867 3873 3678
f 3866 3867 3666
f 3863 3866 3665
f 3864 3863 3669
f 3877 3864 3671
f 3878 3877 3670
f 3871 3878 3683
f 3661 3646 3849
f 3648 3661 3856
f 3649 3648 3855
f 3647 3649 3842
f 3643 3647 3841
f 3644 3643 3844
f 3656 3644 3845
f 3659 3656 3851
f 3654 3659 3850
f 3655 3654 3860
f 3658 3655 3858
f 3858 3857 3658
f 3860 3858 3655
f 3850 3860 3654
f 3851 3850 3659
f 3845 3851 3656
f 3844 3845 3644
f 3841 3844 3643
f 3842 3841 3647
f 3855 3842 3649
f 3856 3855 3648
f 3849 3856 3661
f 3633 3639 3832
f 3634 3633 3838
f 3628 3634 3834
f 3629 3628 3833
f 3622 3629 3835
f 3624 3622 3827
f 3623 3624 3826
f 3620 3623 3836
f 3621 3620 3837
f 3637 3621 3829
f 3632 3637 3828
f 3828 3840 3632
f 3829 3828 3637
f 3837 3829 3621
f 3836 3837 3620
f 3826 3836 3623
f 3827 3826 3624
f 3835 3827 3622
f 3833 3835 3629
f 3834 3833 3628
f 3838 3834 3634
f 3832 3838 3633
f 3613 3607 3809
f 3611 3613 3815
f 3604 3611 3814
f 3605 3604 3806
f 3603 3605 3805
f 3610 3603 3810
f 3616 3610 3812
f 3617 3616 3811
f 3614 3617 3816
f 3615 3614 3817
f 3602 3615 3818
f 3818 3804 3602
f 3817 3818 3615
f 3816 3817 3614
f 3811 3816 3617
f 3812 3811 3616
f 3810 3812 3610
f 3805 3810 3603
f 3806 3805 3605
f 3814 3806 3604
f 3815 3814 3611
f 3809 3815 3613
f 3954 3955 3956
f 3954 3957 3958
f 3959 3960 3961
f 3962 3963 3964
f 3965 3966 3967
f 3965 3954 3968
f 3958 3955 3954
f 3954 3965 3969
f 3970 3971 3972
f 3970 3962 3973
f 3964 3959 3962
f 3962 3970 3974
f 3968 3966 3965
f 3969 3957 3954
f 3973 3971 3970
f 3974 3963 3962
f 3956 3975 3954
f 3961 3962 3959
f 3972 3965 3970
f 3967 3970 3965
f 3972 3971 3976
f 3965 3972 3977
f 3969 3965 3978
f 3957 3969 3979
f 3958 3957 3980
f 3955 3958 3981
f 3956 3955 3982
f 3975 3956 3983
f 3954 3975 3984
f 3968 3954 3985
f 3966 3968 3986
f 3986 3987 3966
f 3985 3986 3968
f 3984 3985 3954
f 3983 3984 3975
f 3982 3983 3956
f 3981 3982 3955
f 3980 3981 3958
f 3979 3980 3957
f 3978 3979 3969
f 3977 3978 3965
f 3976 3977 3972
f 3967 3966 3987
f 3970 3967 3988
f 3974 3970 3989
f 3963 3974 3990
f 3964 3963 3991
f 3959 3964 3992
f 3960 3959 3993
f 3961 3960 3994
f 3962 3961 3995
f 3973 3962 3996
f 3971 3973 3997
f 3997 3976 3971
f 3996 3997 3973
f 3995 3996 3962
f 3994 3995 3961
f 3993 3994 3960
f 3992 3993 3959
f 3991 3992 3964
f 3990 3991 3963
f 3989 3990 3974
f 3988 3989 3970
f 3987 3988 3967
f 3996 3993 3992
f 3993 3996 3995
f 3985 3982 3981
f 3985 3984 3983
f 3996 3991 3990
f 3995 3994 3993
f 3989 3976 3997
f 3989 3978 3977
f 3985 3980 3979
f 3983 3982 3985
f 3978 3987 3986
f 3978 3989 3988
f 3992 3991 3996
f 3977 3976 3989
f 3981 3980 3985
f 3988 3987 3978
f 3997 3996 3989
f 3986 3985 3978
f 3979 3978 3985
f 3990 3989 3996
f 3998 3999 4000
f 3998 4001 4002
f 4003 4004 4005
f 4003 4006 4007
f 3998 4008 3999
f 4002 4009 3998
f 3998 4010 4011
f 3998 4003 4012
f 4003 4013 4004
f 4007 4014 4003
f 4003 4015 4016
f 4003 3998 4017
f 4009 4008 3998
f 4012 4010 3998
f 4014 4013 4003
f 4017 4015 4003
f 4011 4001 3998
f 4016 4006 4003
f 4005 4018 4003
f 4000 4019 3998
f 4020 4021 4010
f 4022 4020 4012
f 4023 4022 4003
f 4024 4023 4018
f 4025 4024 4005
f 4026 4025 4004
f 4027 4026 4013
f 4028 4027 4014
f 4029 4028 4007
f 4030 4029 4006
f 4031 4030 4016
f 4016 4015 4031
f 4006 4016 4030
f 4007 4006 4029
f 4014 4007 4028
f 4013 4014 4027
f 4004 4013 4026
f 4005 4004 4025
f 4018 4005 4024
f 4003 4018 4023
f 4012 4003 4022
f 4010 4012 4020
f 4032 4031 4015
f 4033 4032 4017
f 4034 4033 3998
f 4035 4034 4019
f 4036 4035 4000
f 4037 4036 3999
f 4038 4037 4008
f 4039 4038 4009
f 4040 4039 4002
f 4041 4040 4001
f 4021 4041 4011
f 4011 4010 4021
f 4001 4011 4041
f 4002 4001 4040
f 4009 4002 4039
f 4008 4009 4038
f 3999 4008 4037
f 4000 3999 4036
f 4019 4000 4035
f 3998 4019 4034
f 4017 3998 4033
f 4015 4017 4032
f 4029 4026 4027
f 4029 4022 4023
f 4040 4037 4038
f 4040 4033 4034
f 4022 4031 4032
f 4022 4029 4030
f 4029 4025 4026
f 4023 4024 4029
f 4033 4021 4020
f 4033 4040 4041
f 4040 4036 4037
f 4034 4035 4040
f 4030 4031 4022
f 4024 4025 4029
f 4041 4021 4033
f 4035 4036 4040
f 4027 4028 4029
f 4038 4039 4040
f 4020 4022 4033
f 4032 4033 4022
f 4042 4043 4044
f 4042 4045 4046
f 4047 4048 4049
f 4047 4050 4051
f 4045 4052 4053
f 4045 4042 4054
f 4042 4055 4043
f 4046 4056 4042
f 4050 4057 4058
f 4050 4047 4059
f 4047 4060 4048
f 4051 4061 4047
f 4054 4052 4045
f 4056 4055 4042
f 4059 4057 4050
f 4061 4060 4047
f 4044 4062 4042
f 4049 4063 4047
f 4058 4045 4050
f 4053 4050 4045
f 4064 4065 4057
f 4066 4064 4059
f 4067 4066 4047
f 4068 4067 4063
f 4069 4068 4049
f 4070 4069 4048
f 4071 4070 4060
f 4072 4071 4061
f 4073 4072 4051
f 4074 4073 4050
f 4075 4074 4053
f 4053 4052 4075
f 4050 4053 4074
f 4051 4050 4073
f 4061 4051 4072
f 4060 4061 4071
f 4048 4060 4070
f 4049 4048 4069
f 4063 4049 4068
f 4047 4063 4067
f 4059 4047 4066
f 4057 4059 4064
f 4076 4075 4052
f 4077 4076 4054
f 4078 4077 4042
f 4079 4078 4062
f 4080 4079 4044
f 4081 4080 4043
f 4082 4081 4055
f 4083 4082 4056
f 4084 4083 4046
f 4085 4084 4045
f 4065 4085 4058
f 4058 4057 4065
f 4045 4058 4085
f 4046 4045 4084
f 4056 4046 4083
f 4055 4056 4082
f 4043 4055 4081
f 4044 4043 4080
f 4062 4044 4079
f 4042 4062 4078
f 4054 4042 4077
f 4052 4054 4076
f 4073 4070 4071
f 4073 4066 4067
f 4084 4081 4082
f 4084 4077 4078
f 4073 4069 4070
f 4067 4068 4073
f 4073 4065 4064
f 4073 4084 4085
f 4084 4080 4081
f 4078 4079 4084
f 4084 4075 4076
f 4084 4073 4074
f 4068 4069 4073
f 4085 4065 4073
f 4079 4080 4084
f 4074 4075 4084
f 4064 4066 4073
f 4076 4077 4084
f 4082 4083 4084
f 4071 4072 4073
