{"global_step": 147, "_timestamp": 1686967940.135526, "eval/collision_reward": 0.0, "eval/collisions": 0.0, "eval/condition_number_reward": 0.0, "eval/distance_reward": 0.0011000183876603842, "eval/mean_ep_length": 22.0, "eval/mean_reward": 0.026592999696731567, "eval/movement_reward": 0.0, "eval/orientation_reward": 0.0006068021175451577, "eval/slack_reward": -0.0005000000237487257, "eval/success_rate": 0.0, "eval/terminate_reward": 0.0, "eval/velocity_reward": -0.0329115055501461, "eval_video": {"_type": "videos", "count": 1, "videos": [{"_type": "video-file", "sha256": "a90828eb34d72f8df327faa5e6700e8c2a623e22a8a1a4bf264c3ccd09b2bef0", "size": 1796199, "path": "media/videos/eval_video_7_a90828eb34d72f8df327.gif"}], "captions": false}, "rollout/collision_reward": 0.0, "rollout/condition_number_reward": 0.0, "rollout/distance_reward": 0.0023676003329455853, "rollout/movement_reward": -0.0, "rollout/orientation_reward": 0.0009468237985856831, "rollout/slack_reward": -0.0005000000237487257, "rollout/terminate_reward": 0.0, "rollout/velocity_reward": -0.10000000149011612, "_runtime": 93.82213091850281, "_step": 7, "rollout/ep_len_mean": 11.619999885559082, "rollout/ep_rew_mean": 0.004149788059294224, "time/fps": 3.0, "train/approx_kl": 0.004233404994010925, "train/clip_fraction": 0.0078125, "train/clip_range": 0.20000000298023224, "train/entropy_loss": 2.2864584922790527, "train/explained_variance": 0.17395555973052979, "train/learning_rate": 9.999872418120503e-06, "train/loss": -0.03747010976076126, "train/policy_gradient_loss": -0.02611238695681095, "train/std": 0.16529332101345062, "train/value_loss": 0.0502389557659626, "_wandb": {"runtime": 99}}