{"global_step": 231, "_timestamp": 1686944591.313212, "rollout/collision_reward": 0.0, "rollout/condition_number_reward": 0.0, "rollout/distance_reward": 0.0033290600404143333, "rollout/ep_len_mean": 12.100000381469727, "rollout/ep_rew_mean": 0.0038663565646857023, "rollout/movement_reward": -0.0, "rollout/orientation_reward": 0.0009324268321506679, "rollout/slack_reward": -0.0005000000237487257, "rollout/terminate_reward": 0.0, "rollout/velocity_reward": -0.10000000149011612, "time/fps": 3.0, "_runtime": 72.02897787094116, "_step": 21, "autoencoder_image": {"_type": "images/separated", "width": 230, "height": 116, "format": "png", "count": 1, "filenames": ["media/images/autoencoder_image_21_6603ac03bf0f7b74eb9b.png"]}, "eval/collision_reward": 0.0, "eval/collisions": 0.0, "eval/condition_number_reward": 0.0, "eval/distance_reward": 0.0015185654629021883, "eval/mean_ep_length": 22.0, "eval/mean_reward": 0.04740399867296219, "eval/movement_reward": -0.0, "eval/orientation_reward": 0.0009745678980834782, "eval/slack_reward": -0.0005000000237487257, "eval/success_rate": 0.0, "eval/terminate_reward": 0.0, "eval/velocity_reward": -0.10000000149011612, "eval_video": {"_type": "videos", "count": 1, "videos": [{"_type": "video-file", "sha256": "a4be576959b101f594fb21c9f262779cbeb7c914b9c6fa164b31bd014d6bbf23", "size": 1870400, "path": "media/videos/eval_video_21_a4be576959b101f594fb.gif"}], "captions": false}, "train/ae_loss": 0.2453535944223404, "train/approx_kl": 0.0, "train/clip_fraction": 0.0, "train/clip_range": 0.20000000298023224, "train/entropy_loss": 2.2988815307617188, "train/explained_variance": -355.9560852050781, "train/learning_rate": 9.999779649660923e-06, "train/learning_rate_ae": 9.999559551943094e-06, "train/learning_rate_logstd": 0.009999779984354973, "train/loss": 0.24850259721279144, "train/policy_gradient_loss": -2.086162531611535e-08, "train/std": 0.1695624142885208, "train/value_loss": 0.001700285472907126, "_wandb": {"runtime": 74}}